The Stormlight Archives,Brandon Sanderson,184,"christiankeeney, dawnbot, crokus_n_al, Anderson_Dawes, Eldrene_Ay_Ellan, 00dani3l, StrangerInAlps, farstrid3r, ricree, timetwister, master6494, onrack, illyriaya, Woahno, DivisionMatrix, wanemarr, Vatsdimri, StarlightEstel, SaltyBoyM, JackYAqua, WombatHats, Fox9933, Mattyes, CapNitro, js52000, Abelincononabear, Sidion101, FleeetKeptRunning, lmason115, Manlir, hubushnubah, Tur4, SceptileTheReptile, Titan_Arum, LordOfSwords, hajakuja, TheSecondBest, aboyplayingdota, andypeloquin, Nihilistic_Avocado, WitsDumbLuck, Kikanolo, Fimus86, cpt_pancreas, DreamweaveMirar, Authentic-Albion, thebigredblob, play_the_puck, Stonelegs, lordfarkle, jljackson2, odd2002night, AmoronDonkeyballs, AngelDeath2, Jormunglycon, Extore, speakerforthe, derivative_of_life, Fuck-Moash, UncleObli, infinitylady89, Redagain_xinc, X_Ravenfire, evilshindig, JATION, Lagerbottoms, Nersevan, deadkeepteaching, Aetiusx, mygoldenfeces, jessyi24, erai91, Vinxii, nauhel, Nighteyes89, Scyther99, Son_of_Winterfell, Ashen_Heart, Asheweaver, ParanoidAndroid09, _0_-o--__-0O_--oO0__, misterjinx878, ACardAttack, RamboTarzann, Karaeth, theEolian, mangle89, green_name, xland44, IrnBruFiend, MusubiKazesaru, struttersix, zagon2, lazyear, Hurinfan, sedirep, xmaster001, ReadingNPlaying, KKalonick, Saalfin, uhohmomspaghetti, TheStig136, Cr1spy10, peyton_manhead, OKINGPAC, Raestagg, avfc_66, StrawbIchigo, Barristan_the_Old, No_Serenity, TaborlintheGreat322, acexacid, BLNelson, JMLP23, Redlilymc, Helli784, Destynie, baderl0ck, jalucard, Jierda175, LordKatakuri, tobias33, happypolychaetes, illkraz, tst619, marethyu316, ObiShaunKenobi, ABAB0008, Adrason, iamteehee2, Skyrider006, mysterymachine08, GarbagePailKid90, SHWiMM, jbatchen, Grayriser, bookfly, Dakob, Keriew, Mike-Dane, tkinsey3, Corey_Actor, cornpenguin01, DalinarUnited, ehudsdagger, AManHasN0UserName, MFanjos, Salaris, thewhitewoof, CertifiedMentat, duckorgies, Istarial, Lightylantern, ASIC_SP, DreaMorpheuSandman, Kayzels, StrizzyMizzy, Shompta, MLKdidnothingwrong, theelbandito, KristinnK, mistymountainz, ParanoidQ, Dr_Dangles, misssim1, FrankieFatHands, The_Octonion, StudentofGab, soccerllama, WeDoNotSow, jship23, celebrimbor2, threeolives, Digger412, swaindrous, HellaSober, SpherrY, Emospence, dogfoodtears, KingKillerKvvothe, felinor12, LordofMoonsSpawn, andrewssousa, ASIC_SP, "
Middle-Earth Universe,J.R.R. Tolkien,177,"christiankeeney, beldaran1224, dawnbot, navilo, BoneslyGrifter, farstrid3r, ricree, chelsea_hotel7316, mattstodon53, timetwister, gfe98, Woahno, wanemarr, DonMaitz, ammorris22, Cubs017, Vatsdimri, StarlightEstel, Pufforrohk, tonystank21, DimwitAlmighty, MediocreLimo, Abelincononabear, Olorin314, hubushnubah, superdragonboyangel, Reasonable_Regret, Auberron, spinachdumpling, TheSecondBest, labchambers, aboyplayingdota, Akill0816, tarvolon, Nihilistic_Avocado, Kikanolo, peleles, Fearful_Leader, MistressBedlam, MedusasRockGarden, cpt_pancreas, HypatiaRising, Asimov_800, zolak, jjackson2, sleazemore, Extore, UncleObli, Redbirdfromtheeast, GeorgeMacDonald, Lagerbottoms, D3athRider, TheR2P2, Aetiusx, TheBunkDontSwim1983, jessyi24, erai91, Vinxii, nauhel, skavinger5882, Nighteyes89, LOSkills333, Son_of_Winterfell, SeiShonagon, _0_-o--__-0O_--oO0__, misterjinx878, JimRJapan, RamboTarzann, haaplo, theEolian, mangle89, green_name, josephdanielauthor, MusubiKazesaru, JamesLatimer, spikyturtle87, lazyear, Hurinfan, sedirep, KKalonick, Saalfin, goofy_mcgee, Talas_Engineer, TheStig136, xLuthienx, ullsi, Szarka22, EmpressRey, PeaceFroger229, pyhnux, Jos_V, steppenfloyd, boc1892, Barristan_the_Old, No_Serenity, Evangelon422, WereTiggy, Redlilymc, Helli784, Destynie, pbannard, anna_k_s, wots77, happypolychaetes, Herz_Frequency, LoniBana, tst619, confusionsteephands, marethyu316, Rudyralishaz, iceman012, kaahr, howdy_im_jon, BohemianPeasant, GreenSkyDragon, Shompta, MLKdidnothingwrong, KristinnK, mistymountainz, Dr_Dangles, Eladir, SmallFruitBat, RevolutionaryCommand, FrankieFatHands, Severian_of_Nessus, PvogonJ, soccerllama, InexplicableMagic, jship23, celebrimbor2, tealparadise, CHMonster, swaindrous, KeepCalmAndHodorOn, mrsmoo, Strider9122, TangledPellicles, Emospence, felinor12, LordofMoonsSpawn, briargrey, Adrason, TRAIANVS, randomcsplayer, duckorgies, Bills25, Keriew, Idunn12380, MrPeat, tkinsey3, Grayriser, smittyphi, rattatally, 4raer, sailorfish27, valgranaire, Kayzels, Corey_Actor,dwmmerick, ajp1195, Mike-Dane, AManHasN0UserName, Angus_McFife13, Tifimoof, ManicCetra, Skyrider006, MarkLawrence, ehudsdagger, alchemie, jymspaul, gufguf, keshanu, meltedtoast, CZero13, Felisin_Paran, roninsb, SHWiMM, "
A Song of Ice and Fire,George R.R. Martin,175,"christiankeeney, Anderson_Dawes, navilo, BoneslyGrifter, StrangerInAlps, chelsea_hotel7316, master6494, mattstodon53, onrack, 00dani3l, gfe98, Woahno, ammorris22, PotatoQuie, Vatsdimri, WombatHats, tonystank21, will_e_wonka, Esa1996, MediocreLimo, js52000, Abelincononabear, Olorin314, lmason115, hubushnubah, superdragonboyangel, XenRivers, RobBobGlove, SceptileTheReptile, sarric, AccipiterF1, Auberron, spinachdumpling, LordOfSwords, hajakuja, TheSecondBest, Akill0816, KingWapo, TheCraftyPanda, JayKayxU, Nihilistic_Avocado, taenite, amongstravens, cpt_pancreas, HypatiaRising, play_the_puck, zolak, laku_, Fermet_, sleazemore, Mr-Thursday, Fuck-Moash, anisogramma, infinitylady89, X_Ravenfire, evilshindig, JATION, Redbirdfromtheeast, GeorgeMacDonald, Lagerbottoms, Nersevan, InspecteurCrouton, Fledgeledge, deadkeepteaching, Aetiusx, TheBunkDontSwim1983, jessyi24, saturday_night, haussarian, nauhel, thebloodynine85, Nighteyes89, Scyther99, LOSkills333, Son_of_Winterfell, Ashen_Heart, misterjinx878, spyrothedovah, ACardAttack, RamboTarzann, Karaeth, haaplo, rfgordon, IrnBruFiend, casssb, different_tan, Helfarch, lazyear, sedirep, ReadingNPlaying, Saalfin, goofy_mcgee, Hyzie, uhohmomspaghetti, bobd785, xLuthienx, ullsi, EmpressRey, PeaceFroger229, Raestagg, Jos_V, Barristan_the_Old, RyanToxopeus, TaborlintheGreat322, acexacid, Evangelon422, BLNelson, JMLP23, IGmobile, Helli784, baderl0ck, jalucard, Dig4Fire, wots77, LordKatakuri, happypolychaetes, tst619, blitzenbreath, KevinTitor, splaesh, ABAB0008, Absurdulon, Esbilon, ParanoidQ, Wheels630, Dr_Dangles, RevolutionaryCommand, FrankieFatHands, The_Octonion, StudentofGab, 9999squirrels, InexplicableMagic, WeDoNotSow, jship23, CHMonster, threeolives, swaindrous, Strider9122, midobal, KingKillerKvvothe, felinor12, LordofMoonsSpawn, The_Perfect_Nemesis, briargrey, Corey_actor, dwmmerrick, duckorgies, luwendrill, Arion_rufus, ajp1195, roninsb, mysterymachine08, rattatally, Mike-Dane, AManHasN0UserName, Gaylord_the_Edgelord, ADFTBA, CertifiedMentat, Istarial, Ansalem, dompidu, Bills25, SHWiMM, DalinarUnited, ehudsdagger, 4raser, MarkLawrence, ManicCetra, alchemie, Idunn12380, Grayriser, Kayzels, tkinsey3, Loltohru, AlecHutson, "
Wheel of Time ,Robert Jordan and Brandon Sanderson,139,"beldaran1224, crokus_n_al, Anderson_Dawes, BoneslyGrifter, Eldrene_Ay_Ellan, farstrid3r, timetwister, Nemesis_OfEvil, Larimo, Cubs017, PotatoQuie, Vatsdimri, StarlightEstel, SirBowTheNotSoGiant, Maudeitup, Mattyes, Esa1996, js52000, Sidion101, FleeetKeptRunning, lmason115, hubushnubah, Reasonable_Regret, Tur4, BattleBreeches, Croakers, no_ragrats, labchambers, aboyplayingdota, Akill0816, KingWapo, TheCraftyPanda, tarvolon, Nihilistic_Avocado, Kikanolo, Fearful_Leader, DreamweaveMirar, zolak, Stonelegs, odd2002night, potatoespuds, Fuck-Moash, infinitylady89, Redagain_xinc, X_Ravenfire, legomaniac89, TheBunkDontSwim1983, mygoldenfeces, jessyi24, saturday_night, erai91, Vinxii, BadgerMasher, Scyther99, _0_-o--__-0O_--oO0__, RamboTarzann, Hawk1138, theEolian, rfgordon, mangle89, xland44, IrnBruFiend, zagon2, lazyear, Hurinfan, Saalfin, Cloudh4t, bobd785, Cr1spy10, Raestagg, -Shuri-, mndrew, steppenfloyd, Barristan_the_Old, KcirderfSdrawkcab, TaborlintheGreat322, acexacid, BLNelson, WereTiggy, IGmobile, jalucard, Jierda175, wots77, tobias33, happypolychaetes, confusionsteephands, splaesh, Rudyralishaz, iceman012, howdy_im_jon, MLKdidnothingwrong, DukeFlate, ParanoidQ, Wheels630, Eladir, FrankieFatHands, Genabackan, PvogonJ, InexplicableMagic, jship23, celebrimbor2, Digger412, swaindrous, KeepCalmAndHodorOn, mrsmoo, HellaSober, Strider9122, KingKillerKvvothe, LordofMoonsSpawn, andrewssousa, Dakob, Ansalem, dompidu, ManicCetra, roninsb, Connyumbra, Huw402, jbatchen, lost_chayote, DalinarUnited, AManHasN0UserName, jymspaul, thewhitewoof, Istarial, ADFTBA, meltedtoast, luwendrill, Gaylord_the_Edgelord, KQRZN, duckorgies, Bills25, cornpenguin01, YellowTM, smittyphi, CertifiedMentat, Faithless232, Kayzels, StrizzyMizzy, tkinsey,"
Mistborn,Brandon Sanderson,126,"christiankeeney, 00dani3l, Nemesis_OfEvil, master6494, Woahno, wanemarr, PotatoQuie, Vatsdimri, SaltyBoyM, WombatHats, Fox9933, will_e_wonka, js52000, LordAncrath, Sidion101, lmason115, superdragonboyangel, ShadyMcShade1, Tur4, feralanima, TheSecondBest, no_ragrats, aboyplayingdota, KingWapo, TheCraftyPanda, andypeloquin, WitsDumbLuck, Kikanolo, peleles, HypatiaRising, speedchuck, Stonelegs, jljackson2, odd2002night, Jormunglycon, mms17, sleazemore, Extore, speakerforthe, derivative_of_life, Fuck-Moash, infinitylady89, Redagain_xinc, X_Ravenfire, evilshindig, Fledgeledge, D3athRider, Aetiusx, TheBunkDontSwim1983, mygoldenfeces, jessyi24, erai91, Vinxii, Nighteyes89, LOSkills333, Son_of_Winterfell, Asheweaver, ParanoidAndroid09, _0_-o--__-0O_--oO0__, misterjinx878, ACardAttack, mangle89, RWWare, spikyturtle87, lazyear, Hurinfan, xmaster001, Hyzie, bobd785, TheStig136, peyton_manhead, OKINGPAC, avfc_66, -Shuri-, No_Serenity, Meret123, acexacid, Evangelon422, WereTiggy, anna_k_s, LordKatakuri, tobias33, illkraz, tst619, marethyu316, im_so_not_creative, GreenSkyDragon, Mist_effin_born, Gregor__Eisenhorn, Shompta, MLKdidnothingwrong, mistymountainz, Dr_Dangles, hawkun, StudentofGab, soccerllama, jship23, swaindrous, KeepCalmAndHodorOn, Emospence, midobal, dogfoodtears, KingKillerKvvothe, LordofMoonsSpawn, DreaMorpheusSandman, Adrason, Dakob, AManHasN0UserName, iamteehee11, KNicol, CZero13, KQRZN, laurenhiya21, DalinarUnited, jymspaul, thewhitewoof, smittyphi, thisusernameismeta, CertifiedMentat, LightlyLantern, Kayzels, StrizzyMizzy, jbatchen, Lotronex, Mfanjos, Istarial, "
The Kingkiller Chronicles,Patrick Rothfuss,126,"dawnbot, 00dani3l, StrangerInAlps, chelsea_hotel7316, mattstodon53, Woahno, wanemarr, Vatsdimri, WombatHats, tonystank21, DimwitAlmighty, will_e_wonka, Sidion101, Olorin314, lindy133, lmason115, hubushnubah, XenRivers, Reasonable_Regret, Tur4, BattleBreeches, Auberron, hajakuja, TheSecondBest, labchambers, Akill0816, WitsDumbLuck, amongstravens, HypatiaRising, Authentic-Albion, play_the_puck, AmoronDonkeyballs, AngelDeath2, Fermet_, Extore, Mr-Thursday, Fuck-Moash, anisogramma, infinitylady89, Lagerbottoms, Nersevan, Fledgeledge, Aetiusx, TheBunkDontSwim1983, jessyi24, saturday_night, erai91, Vinxii, Nighteyes89, ParanoidAndroid09, _0_-o--__-0O_--oO0__, Karaeth, theEolian, rfgordon, mangle89, xland44, IrnBruFiend, Helfarch, struttersix, lazyear, sedirep, KKalonick, Saalfin, Cloudh4t, TheStig136, Cr1spy10, EmpressRey, PeaceFroger229, Barristan_the_Old, No_Serenity, TaborlintheGreat322, JMLP23, WereTiggy, Redlilymc, baderl0ck, niterunner1978, illkraz, LoniBana, tst619, KevinTitor, ObiShaunKenobi, splaesh, ABAB0008, BohemianPeasant, cherylgmail, mysterycookie333, Wheels630, Dr_Dangles, BubiBalboa, The_Octonion, Genabackan, soccerllama, swaindrous, Strider9122, midobal, KingKillerKvvothe, felinor12, andrewssousa, briargrey, MarkLawrence, jbatchen, Angus_McFife13, KNicol, Felisin_Paran, CZero13, SHWiMM, alchemie, Lotronex, StrizzyMizzy, aesir23, Faithless232, Dakob, Ansalem, Gaylord_the_Edgelord, jymspaul, Istarial, ADFTBA, ASIC_SP, MFanjos, randomcsplayer, Corey_Actor, YellowTM, BeardedMoon, duckorgies, luwendrill, ajp1195, "
First Law,Joe Abercrombie,116,"Anderson_Dawes, master6494, mattstodon53, Larimo, DivisionMatrix, OldschoolIsh, ammorris22, Cubs017, PotatoQuie, Vatsdimri, Cam27022, SaltyBoyM, tonystank21, Mattyes, CapNitro, MediocreLimo, LordAncrath, jo_ba, Olorin314, hubushnubah, superdragonboyangel, XenRivers, Tur4, feralanima, AccipiterF1, Alissa-, LordOfSwords, TheSecondBest, no_ragrats, librarylackey, aboyplayingdota, Akill0816, JayKayxU, peleles, amongstravens, Fimus86, cpt_pancreas, Asimov_800, Jormunglycon, sleazemore, pondandbucket, Fuck-Moash, infinitylady89, Redagain_xinc, JATION, Redbirdfromtheeast, legomaniac89, Aetiusx, haussarian, erai91, nauhel, thebloodynine85, Scyther99, Ashen_Heart, ParanoidAndroid09, _0_-o--__-0O_--oO0__, misterjinx878, ACardAttack, haaplo, mangle89, green_name, IrnBruFiend, casssb, josephdanielauthor, AngryCumbrian, Helfarch, MusubiKazesaru, struttersix, spikyturtle87, ReadingNPlaying, Krak2511, TheStig136, Paraframe, EmpressRey, PeaceFroger229, No_Serenity, acexacid, jalucard, wots77, LordKatakuri, tobias33, KevinTitor, ObiShaunKenobi, ABAB0008, kaahr, BohemianPeasant, Absurdulon, Eladir, RevolutionaryCommand, StudentofGab, soccerllama, 9999squirrels, threeolives, KeepCalmAndHodorOn, Swarlos262, dogfoodtears, KingKillerKvvothe, LordofMoonsSpawn, zebba_oz, dompidu, kjmichaels, Felisin_Paran, SHWiMM, tctippens, lost_chayote, compenguin01, duckorgies, Faithless232, StrizzyMizzy, Kayzels, LOLtohru, COnnyumbra, Huw402, Gaylord_the_Edgelord, UblalaPung78, tkihnsey3,"
Harry Potter,J.K. Rowling,113,"christiankeeney, beldaran1224, dawnbot, crokus_n_al, 00dani3l, StrangerInAlps, farstrid3r, master6494, mattstodon53, Woahno, Cubs017, Vatsdimri, SaltyBoyM, Maudeitup, tonystank21, DimwitAlmighty, js52000, Abelincononabear, Magoo451, Olorin314, lmason115, superdragonboyangel, XenRivers, nineteendoors, spinachdumpling, Darkcheesecake, hajakuja, TheSecondBest, aboyplayingdota, KingWapo, Wiron2, RubiscoTheGeek, taenite, Fearful_Leader, play_the_puck, speedchuck, Cedocore, Mr-Thursday, GeorgeMacDonald, Lagerbottoms, TheR2P2, Aetiusx, TheBunkDontSwim1983, nauhel, Asheweaver, _0_-o--__-0O_--oO0__, spyrothedovah, ACardAttack, RamboTarzann, theEolian, xland44, josephdanielauthor, MusubiKazesaru, spikyturtle87, sedirep, Saalfin, goofy_mcgee, Talas_Engineer, Krak2511, bobd785, TheStig136, Cr1spy10, ullsi, Barristan_the_Old, KcirderfSdrawkcab, No_Serenity, RyanToxopeus, acexacid, Evangelon422, BLNelson, Helli784, Dig4Fire, pbannard, LordKatakuri, happypolychaetes, tst619, KevinTitor, Shompta, KristinnK, ParanoidQ, Dr_Dangles, SmallFruitBat, FrankieFatHands, StudentofGab, PvogonJ, soccerllama, InexplicableMagic, jship23, swaindrous, KeepCalmAndHodorOn, Strider9122, midobal, dogfoodtears, KingKillerKvvothe, felinor12, andrewssousa, Tavarous, Kayzels, Ansalem, mysterymachine08, jbatchen, Corey_Actor, jymspaul, gufguf, ASIC_SP, CZero13, BiggerBetterFaster, kjmichaels, ajp1195, Lotronex, tkinsey3, MFanjos, YellowTM,"
Gentleman Bastard,Scott Lynch,108,"dawnbot, Anderson_Dawes, StrangerInAlps, farstrid3r, mattstodon53, Cubs017, PotatoQuie, WombatHats, MediocreLimo, LordAncrath, Olorin314, lmason115, Reasonable_Regret, sarric, Titan_Arum, aboyplayingdota, Akill0816, KingWapo, andypeloquin, Nihilistic_Avocado, WitsDumbLuck, RubiscoTheGeek, amongstravens, MistressBedlam, Authentic-Albion, laku_, Stonelegs, lordfarkle, UnstitchedStitch, AmoronDonkeyballs, mms17, Fermet_, Mr-Thursday, Redagain_xinc, evilshindig, Lagerbottoms, legomaniac89, jessyi24, nauhel, LOSkills333, Ashen_Heart, misterjinx878, ACardAttack, Phyrkrakr, Karaeth, haaplo, mangle89, casssb, josephdanielauthor, AngryCumbrian, Helfarch, struttersix, Cloudh4t, EmpressRey, PeaceFroger229, pyhnux, avfc_66, -Shuri-, Barristan_the_Old, TaborlintheGreat322, BLNelson, JMLP23, WereTiggy, IGmobile, pbro42, Helli784, baderl0ck, Jierda175, wots77, illkraz, confusionsteephands, KevinTitor, ObiShaunKenobi, splaesh, ABAB0008, iceman012, Gregor__Eisenhorn, mistymountainz, ParanoidQ, Wheels630, Dr_Dangles, misssim1, sesto_uncias, BubiBalboa, FrankieFatHands, StudentofGab, PvogonJ, Strider9122, dogfoodtears, LordofMoonsSpawn, The_Perfect_Nemesis, briargrey, improperly_paranoid, tctippens, dompidu, KNicol, sleeping-pug, KQRZN, 4raser, meltedtoast, StrizzyMizzy, cornpenguin01, LOLtohru, HalcyonDaysAreGone, Faithless232, Felisin_Paran, Skyrider006, CZero13,"
Discworld,Terry Pratchett,102,"navilo, BoneslyGrifter, ricree, chelsea_hotel7316, gfe98, SirBowTheNotSoGiant, Maudeitup, CapNitro, MediocreLimo, Abelincononabear, Sidion101, Manlir, superdragonboyangel, ShadyMcShade1, BattleBreeches, Auberron, librarylackey, Wiron2, andypeloquin, taenite, Fimus86, cpt_pancreas, Asimov_800, appocomaster, thebigredblob, play_the_puck, speedchuck, TheBeardyOnes, Fuck-Moash, UncleObli, infinitylady89, Mournelithe, legomaniac89, skavinger5882, BadgerMasher, lunchliege, ParanoidAndroid09, spyrothedovah, JimRJapan, RamboTarzann, Phyrkrakr, different_tan, AngryCumbrian, Hurinfan, xLuthienx, Paraframe, Szarka22, PeaceFroger229, pyhnux, Barristan_the_Old, KcirderfSdrawkcab, TaborlintheGreat322, Evangelon422, Destynie, vigasia, pbannard, anna_k_s, niterunner1978, blitzenbreath, kaahr, im_so_not_creative, Mist_effin_born, Gregor__Eisenhorn, Shompta, Absurdulon, MLKdidnothingwrong, theelbandito, ParanoidQ, celebrimbor2, KeepCalmAndHodorOn, HellaSober, dogfoodtears, zebba_oz, TRAIANVS, Grayriser, MrPeat, Megan_Dawn, BiggerBetterFaster, leftoverbrine, ManicCetra, gunttert, SmallishPlatypus, CMDR_Concubine, roninsb, valgranaire, CarolinaCM, Zunvect, barb4ry1, Felisin_Paran, randomcsplayer, SHWiMM, KQRZN, aesir23, The_Real_JS, bookfly, sailorfish27, Mike-Dane, keshanu, meltedtoast, Kayzels, dwmmerrick, gufguf, "
Realm of the Elderlings,Robin Hobb,96,"dawnbot, crokus_n_al, AdamRueth, ricree, WanderingWayfarer, chelsea_hotel7316, master6494, Cubs017, Vatsdimri, Cam27022, Maudeitup, Ihrenglass, Mattyes, lindy133, Reasonable_Regret, feralanima, nineteendoors, Titan_Arum, Croakers, Darkcheesecake, no_ragrats, labchambers, peleles, niko-no-tabi, DreamweaveMirar, Authentic-Albion, thebigredblob, play_the_puck, zolak, odd2002night, ayaneeda, Fermet_, Extore, Kyrenox, Fuck-Moash, infinitylady89, evilshindig, Redbirdfromtheeast, Fledgeledge, D3athRider, TheR2P2, deadkeepteaching, TheBunkDontSwim1983, haussarian, erai91, Nighteyes89, spyrothedovah, xland44, MatrimPaendrag, casssb, different_tan, Helfarch, MusubiKazesaru, struttersix, RWWare, goofy_mcgee, Cloudh4t, uhohmomspaghetti, bobd785, peyton_manhead, ullsi, EmpressRey, steppenfloyd, KcirderfSdrawkcab, Meret123, BLNelson, IGmobile, pbro42, Helli784, baderl0ck, Dig4Fire, anna_k_s, wots77, splaesh, BohemianPeasant, Wheels630, Genabackan, The_Perfect_Nemesis, TRAIANVS, MarkLawrence, BeardedMoon, SharadeReads, luwendrill, gunttert, shadownight311, CarolinaCM, astarinel, Felisin_Paran, tctippens, bookfly, cornpenguin01, AManHasN0UserName, alchemie, Faithless232, Lotronex, tkinsey,"
Malazan,Steven Erikson and Ian Esslemont,95,"crokus_n_al, Anderson_Dawes, BoneslyGrifter, master6494, onrack, farstrid3r, gfe98, DivisionMatrix, wanemarr, ammorris22, PotatoQuie, Cam27022, Esa1996, MediocreLimo, LordAncrath, Abelincononabear, lmason115, hubushnubah, RobBobGlove, Alissa-, Croakers, LordOfSwords, hajakuja, no_ragrats, aboyplayingdota, Kikanolo, Asimov_800, Jormunglycon, Fermet_, Mournelithe, evilshindig, Lagerbottoms, InspecteurCrouton, deadkeepteaching, legomaniac89, haussarian, Vinxii, thebloodynine85, cainthevaliant, Ashen_Heart, misterjinx878, Adrason, zebba_oz, TRAIANVS, 4raser, robinsb, valgranaire, LauraDragonchild, antigrapist, Bills25, Huw402, Felisin_Paran, KQRZN, GarrickWinter, HalcyonDaysAreGone, DalinarUnited, Faithless232, ADFTBA, meltedtoast, green_name, MatrimPaendrag, casssb, AngryCumbrian, Helfarch, Hurinfan, Saalfin, bobd785, xLuthienx, Szarka22, PeaceFroger229, Raestagg, -Shuri-, Jos_V, IGmobile, Destynie, vigasia, Jierda175, LordKatakuri, Herz_Frequency, splaesh, Rudyralishaz, howdy_im_jon, BohemianPeasant, MLKdidnothingwrong, RevolutionaryCommand, 9999squirrels, jship23, Digger412, SpherrY, KingKillerKvvothe, LordofMoonsSpawn, andrewssousa, UblalaPung78, LOLtohru, roninsb, "
Riyria Chronicles,Michael J Sullivan,73,"dawnbot, StrangerInAlps, Nemesis_OfEvil, master6494, Fox9933, lindy133, mantrasong, SceptileTheReptile, Titan_Arum, no_ragrats, andypeloquin, appocomaster, Stonelegs, odd2002night, mms17, sleazemore, Fledgeledge, legomaniac89, mygoldenfeces, saturday_night, Vinxii, skavinger5882, Scyther99, Ashen_Heart, misterjinx878, spyrothedovah, Hawk1138, casssb, AngryCumbrian, ReadingNPlaying, KKalonick, TheStig136, avfc_66, -Shuri-, No_Serenity, JMLP23, WereTiggy, IGmobile, Redlilymc, pbro42, pbannard, tobias33, happypolychaetes, marethyu316, splaesh, ABAB0008, cherylgmail, GreenSkyDragon, DukeFlate, Wheels630, Dr_Dangles, BubiBalboa, StudentofGab, PvogonJ, KingKillerKvvothe, Skyrider006, gufguf, laurenhiya21, ASIC_SP, iamteehee8, BeardedMoon, unplugtheminus84, lost_chayote, UblalaPung78, lordfarkle, X_Ravenfire, Hyzie, vigasia, Absurdulon, mysterycookie333, mistymountainz, midobal, UblalaPung78,"
The Dresden Files,Jim Butcher,65,"xetrov, StrangerInAlps, jddennis, Cam27022, JackYAqua, CapNitro, Sidion101, Manlir, ShadyMcShade1, mantrasong, hajakuja, TheSecondBest, Fimus86, DreamweaveMirar, appocomaster, speedchuck, Stonelegs, Jormunglycon, Cedocore, Mournelithe, skavinger5882, lunchliege, _0_-o--__-0O_--oO0__, IrnBruFiend, josephdanielauthor, MusubiKazesaru, Hurinfan, ReadingNPlaying, bobd785, Cr1spy10, Paraframe, Szarka22, pyhnux, -Shuri-, boc1892, StrawbIchigo, TaborlintheGreat322, Redlilymc, Jierda175, tobias33, blitzenbreath, splaesh, Rudyralishaz, iceman012, theelbandito, hawkun, sesto_uncias, BubiBalboa, PvogonJ, threeolives, chuckusmaximus, HellaSober, kjmichaels, barb4ry1, tctippens, smittyphi, StrizzyMizzy, Lotronex, 4raser, GarbagePailKid90, Connyumbra, KQRZN, BeardedMoon, jymspaul, LOLtohru, "
Broken Earth,NK Jemisin,65,"polarunderwear, 00dani3l, onrack, BoneslyGrifter, OldschoolIsh, PotatoQuie, SirBowTheNotSoGiant, Pufforrohk, CapNitro, lindy133, hubushnubah, XenRivers, BattleBreeches, feralanima, AccipiterF1, labchambers, librarylackey, tarvolon, JayKayxU, Nihilistic_Avocado, peleles, amongstravens, thebigredblob, UnstitchedStitch, AngelDeath2, ayaneeda, mms17, X_Ravenfire, deadkeepteaching, legomaniac89, BadgerMasher, Son_of_Winterfell, lunchliege, JimRJapan, thequeensownfool, ullsi, BLNelson, wots77, marethyu316, MLKdidnothingwrong, misssim1, hawkun, SmallFruitBat, Genabackan, andrewssousa, zebba_oz, TRAIANVS, Arion_rufus, ManicCentra, Connyumbra, Bills25, tctippens, DalinarUnited, kjmichaels, thisusernameismeta, Mike-Dane, The_Real_JS, antigrapist, SmallishPlatypus, astarinel, LauraDragonchild, meltedtoast, JimmyJames42, valgranaire, keshanu,"
Books of Babel,Josiah Bancroft,55,"navilo, AdamRueth, WanderingWayfarer, OldschoolIsh, Cam27022, WombatHats, Titan_Arum, Alissa-, LordOfSwords, librarylackey, Wiron2, taenite, amongstravens, Authentic-Albion, thebigredblob, ayaneeda, mms17, Redagain_xinc, Nersevan, deadkeepteaching, Aetiusx, cainthevaliant, LOSkills333, lunchliege, spyrothedovah, theEolian, ReadingNPlaying, peyton_manhead, ullsi, JMLP23, Helli784, jalucard, Jierda175, Dig4Fire, pbannard, ObiShaunKenobi, ABAB0008, misssim1, StudentofGab, soccerllama, The_Perfect_Nemesis, zebba_oz, dompidu, KNicol, tctippens, duckorgies, Ansalem, SharadeReads, unplugtheminus85, MarkLawrence, JimmyJames42, sailorfish27, lostchayote, DalinarUnited, Huw402, "
Dune,Frank Herbert,52,"navilo, Saurosian, Larimo, gfe98, DonMaitz, tonystank21, MediocreLimo, hubushnubah, mantrasong, BattleBreeches, mariecroke, KingWapo, Fearful_Leader, UnstitchedStitch, Extore, evilshindig, JATION, nauhel, Son_of_Winterfell, ACardAttack, RamboTarzann, haaplo, zagon2, sedirep, Saalfin, uhohmomspaghetti, Raestagg, IGmobile, Destynie, tst619, blitzenbreath, kaahr, Mist_effin_born, Absurdulon, KristinnK, Severian_of_Nessus, 9999squirrels, jship23, tealparadise, Digger412, KeepCalmAndHodorOn, Aluhut, dogfoodtears, DreaMorpheusSandman, dompidu, roninsb, randomcsplayer, Keriew, ehudsdagger, CertifiedMentat, rattatally, Marswolf01, "
His Dark Materials,Philip Pullman,48,"dawnbot, BoneslyGrifter, mattstodon53, Saurosian, tonystank21, js52000, lmason115, I_Love_Colors, superdragonboyangel, sarric, Darkcheesecake, JayKayxU, WitsDumbLuck, cpt_pancreas, Asimov_800, Cedocore, evilshindig, TheBunkDontSwim1983, jessyi24, nauhel, skavinger5882, Son_of_Winterfell, Karaeth, IrnBruFiend, MatrimPaendrag, spikyturtle87, goofy_mcgee, Talas_Engineer, ullsi, EmpressRey, Redlilymc, MLKdidnothingwrong, Eladir, SmallFruitBat, RevolutionaryCommand, tealparadise, swaindrous, dogfoodtears, Dakob, dompidu, ManicCetra, SmallishPlatypus, Grayriser, YellowTM, BiggerBetterFaster, leftoverbrine, Marswolf01, oboist73, "
Broken Empire world,Mark Lawrence,44,"crokus_n_al, Nemesis_OfEvil, LordAncrath, Sidion101, hubushnubah, Croakers, ICreepAround, JayKayxU, peleles, MistressBedlam, haussarian, Nighteyes89, Ashen_Heart, spyrothedovah, haaplo, mangle89, Helfarch, struttersix, TheStig136, -Shuri-, Meret123, Helli784, jalucard, Dig4Fire, LordKatakuri, tobias33, tst619, ObiShaunKenobi, ABAB0008, kaahr, BohemianPeasant, WeDoNotSow, zebba_oz, Huw402, "
Lightbringer,Brent Weeks,43,"crokus_n_al, 00dani3l, timetwister, wanemarr, SaltyBoyM, Mattyes, jo_ba, FleeetKeptRunning, LordOfSwords, aboyplayingdota, WitsDumbLuck, HypatiaRising, Authentic-Albion, appocomaster, odd2002night, Jormunglycon, Extore, speakerforthe, X_Ravenfire, Fledgeledge, jessyi24, Scyther99, _0_-o--__-0O_--oO0__, IrnBruFiend, struttersix, xmaster001, Paraframe, peyton_manhead, OKINGPAC, -Shuri-, Helli784, baderl0ck, splaesh, ef_miller, Swarlos262, felinor12, Dakob, lost_chayote, AManHasN0UserName, thewhitewoof, CZero13, jymspaul, ajp1195, "
Worm,Wildbow,41,"Eldrene_Ay_Ellan, farstrid3r, Saurosian, JackYAqua, Manlir, sarric, Croakers, Nihilistic_Avocado, DreamweaveMirar, speedchuck, Cedocore, Redagain_xinc, skavinger5882, green_name, xland44, sedirep, tst619, blitzenbreath, confusionsteephands, iceman012, im_so_not_creative, Mist_effin_born, Gregor__Eisenhorn, Absurdulon, theelbandito, Esbilon, sesto_uncias, DreaMorpheusSandman, BiggerBetterFaster, iamteehee2, shadownight311, randomcsplayer, Tavarous, tctippens, cornpenguin01, jymspaul, gufguf, ADFTBA, ASIC_SP, DreaMorpheuSandman, antigrapist, "
Red Rising,Pierce Brown,40,"Cubs017, will_e_wonka, SceptileTheReptile, feralanima, laku_, jljackson2, Jormunglycon, Redbirdfromtheeast, Nersevan, Aetiusx, _0_-o--__-0O_--oO0__, zagon2, lazyear, xmaster001, ReadingNPlaying, bobd785, peyton_manhead, Meret123, JMLP23, KevinTitor, ABAB0008, iceman012, im_so_not_creative, Mist_effin_born, Absurdulon, mistymountainz, misssim1, BubiBalboa, The_Octonion, PvogonJ, JohnAnderton, midobal, KingKillerKvvothe, DreaMorpheusSandman, lrich1024, Ansalem, KNichol, CZero, BeardedMoon, LightlyLantern,"
Book of the Ancestor,Mark Lawrence,38,"BoneslyGrifter, Nemesis_OfEvil, illyriaya, OldschoolIsh, tonystank21, Tur4, hajakuja, JayKayxU, MedusasRockGarden, Authentic-Albion, ayaneeda, anisogramma, evilshindig, saturday_night, Nighteyes89, LOSkills333, Ashen_Heart, spyrothedovah, haaplo, struttersix, ReadingNPlaying, TaborlintheGreat322, JMLP23, baderl0ck, jalucard, Dig4Fire, ObiShaunKenobi, hawkun, SmallFruitBat, StudentofGab, Adrason, zebba_oz, SmallishPlatypus, antigrapist, barb4ry1, cornpenguin01, ADFTBA, UblalaPung78,"
Hyperion Cantos,Dan Simmons,36,"BoneslyGrifter, Saurosian, onrack, PotatoQuie, MediocreLimo, jo_ba, WitsDumbLuck, zolak, derivative_of_life, JATION, legomaniac89, Aetiusx, RamboTarzann, ManicCetra, MatrimPaendrag, goofy_mcgee, uhohmomspaghetti, steppenfloyd, Destynie, wots77, Absurdulon, Eladir, celebrimbor2, threeolives, JohnAnderton, SpherrY, Aluhut, andrewssousa, DreaMorpheusSandman, ManicCetra, AlecHutson, Angus_McFife13, Marswolf01, CertifiedMentat, Istarial, DreaMorpheuSandman,                                                         "
The Band,Nicholas Eames,36,"xetrov, WombatHats, XenRivers, AccipiterF1, aboyplayingdota, andypeloquin, cpt_pancreas, thebigredblob, Stonelegs, sleazemore, infinitylady89, Redagain_xinc, Nersevan, mygoldenfeces, haussarian, spyrothedovah, casssb, lazyear, No_Serenity, Meret123, acexacid, LoniBana, ObiShaunKenobi, Wheels630, hawkun, Adrason, KNicol, Dakob, valgranaire, GarbagePailKid90, lost_chayote, YellowTM, duckorgies, Faithless232, ASIC_SP, StrizzyMizzy,"
Jonathan Strange and Mr Norrell,Susanna Clarke,36,"polarunderwear, gfe98, Olorin314, lindy133, Manlir, Wiron2, RubiscoTheGeek, taenite, Asimov_800, play_the_puck, zolak, UnstitchedStitch, ayaneeda, pondandbucket, speakerforthe, TheBunkDontSwim1983, Talas_Engineer, wots77, ParanoidQ, Severian_of_Nessus, KeepCalmAndHodorOn, BiggerBetterFaster, leftoverbrine, kjmichaels, ManicCetra, SmallishPlatypus, rattatally, aesir23, recchai, pokiria, Mike-Dane, Corey_Actor, Angus_McFife13, bubblegumgills, Istarial, BiggerBetterFaster,"
Wayfarers,Becky Chambers,35,"xetrov, chelsea_hotel7316, WombatHats, sarric, AccipiterF1, librarylackey, thebigredblob, Nersevan, AwkwardTurtle, ParanoidAndroid09, Phyrkrakr, theEolian, ASIC_SP, Istarial, thisusernameismeta, TheFourthReplica, DalinarUnited, HalcyonDaysAreGone, Freeky, lrich1024, pokiria, The_Real_JS, GarrickWinter, SHWiMM, astarinel, CMDR_Concubine, Adrason, Ansalem, SharadeReads, unplugtheminus80, StrawbIchigo, pbannard, DukeFlate, Wheels630, SmallFruitBat, "
Gods of Blood and Powder,Brian McClellan,31,"timetwister, SirBowTheNotSoGiant, Cam27022, Fox9933, Mattyes, will_e_wonka, superdragonboyangel, SceptileTheReptile, Nihilistic_Avocado, Kikanolo, laku_, pondandbucket, Redagain_xinc, jessyi24, saturday_night, thebloodynine85, misterjinx878, Phyrkrakr, Karaeth, RWWare, KKalonick, pyhnux, avfc_66, No_Serenity, theelbandito, hawkun, Swarlos262, Skyrider006, iamteehee9, sleeping-pug, duckorgies,"
The Goblin Emperor,Katherine Addison,31,"beldaran1224, AdamRueth, StrangerInAlps, Saurosian, Pufforrohk, Sidion101, BattleBreeches, ICreepAround, RubiscoTheGeek, Fearful_Leader, UnstitchedStitch, anisogramma, nauhel, SeiShonagon, JamesLatimer, Hurinfan, xLuthienx, pyhnux, KevinTitor, kaahr, DukeFlate, ef_miller, Ansalem, Tikimoof, oboist73, LOLtohru, improperly_paranoid, sailorfish27, pokoria, lrich1024, HalcyonDaysAreGone, "
Hitchhikers Guide to the Galaxy,Douglas Adams,30,"crokus_n_al, xetrov, StarlightEstel, DimwitAlmighty, AccipiterF1, librarylackey, KingWapo, zolak, I-created-Jiah, Mr-Thursday, Fuck-Moash, AwkwardTurtle, skavinger5882, Nighteyes89, taichi22, Cr1spy10, StrawbIchigo, Destynie, Mist_effin_born, Esbilon, hawkun, PvogonJ, andrewssousa, zebba_oz, Zunvect, Lightlylantern, Tavarous, randomcsplayer, KQRZN, StrizzyMizzy, "
The Black Company,Glen Cook,30,"StrangerInAlps, wanemarr, Cam27022, RobBobGlove, andypeloquin, legomaniac89, saturday_night, haussarian, haaplo, mangle89, green_name, MatrimPaendrag, AngryCumbrian, pyhnux, steppenfloyd, boc1892, Meret123, pbro42,  Herz_Frequency, confusionsteephands, ObiShaunKenobi, howdy_im_jon, DukeFlate, RevolutionaryCommand, 9999squirrels, zebba_oz, TRAIANVS, Tikimoof, HalcyonDaysAreGone, Angus_McFife13, "
Good Omens,Terry Pratchett and Neil Gaiman,30,"tonystank21, Magoo451, ShadyMcShade1, nineteendoors, Darkcheesecake, librarylackey, Wiron2, appocomaster, play_the_puck, Nighteyes89, ACardAttack, spikyturtle87, Krak2511, Szarka22, pyhnux, Jos_V, steppenfloyd, Evangelon422, niterunner1978, blitzenbreath, im_so_not_creative, Mist_effin_born, Gregor__Eisenhorn, KeepCalmAndHodorOn, DreaMorpheusSandman, leftoverbrine, oboist73, lrich1024, StrizzyMizzy, SmallishPlatypus,"
Earthsea,Ursula K Le Guin,30,"beldaran1224, WanderingWayfarer, chelsea_hotel7316, Saurosian, Auberron, 1626316263, erai91, Son_of_Winterfell, spikyturtle87, Saalfin, EmpressRey, pbannard, anna_k_s, Herz_Frequency, celebrimbor2, CHMonster, TangledPellicles, luwendrill, aesir23, rattatally, ManicCetra, Bills25, meltedtoast, Idunn12380, dwmmerrick, thususernameismeta, ehudsdagger, KQRZN, oboist73, LOLtohru,"
Kushiel's Legacy ,Jacqueline Carey,28,"BoneslyGrifter, Eldrene_Ay_Ellan, ricree, PotatoQuie, mantrasong, sarric, Croakers, niko-no-tabi, MistressBedlam, potatoespuds, Mournelithe, xland44, thequeensownfool, IGmobile, Esbilon, ef_miller, Tikimoof, Bills25, lrich1024, dompidu, iamteehee7, astarinel, HalcyonDaysAreGone, lost_chayote, thisusernameismeta, ADFTBA, LauraDragonchild, Megan_Dawn, "
Divine Cities,Robert Jackson Bennett,28,"TinyFlyingLion, sarric, Croakers, Nova_Mortem, Fermet_, pondandbucket, BadgerMasher, cainthevaliant, LOSkills333, lunchliege, Phyrkrakr, JamesLatimer, KKalonick, StrawbIchigo, Meret123, JMLP23, illkraz, StudentofGab, Arion_rufus, aesir23, Lightylantern, iamteehee3, SmallishPlatypus, antigrapist, Connyumbra, The_Real_JS, alchemie, bubblegumgills,"
Cradle,Will Wight,28,"onrack, gfe98, JackYAqua, superdragonboyangel, SceptileTheReptile, Titan_Arum, LordOfSwords, Kikanolo, DreamweaveMirar, speedchuck, Stonelegs, lordfarkle, Jormunglycon, speakerforthe, Redbirdfromtheeast, Nersevan, Hawk1138, xmaster001, Jierda175, DukeFlate, antigrapist, cornpenguin01, YellowTM, salaris, jymspaul, ADFTBA, ASIC_SP, MFanjos, "
The Witcher,Andrzej Sapkowski,26,"master6494, MediocreLimo, FleeetKeptRunning, spinachdumpling, Darkcheesecake, Wiron2, Kyrenox, inspyrous, Fuck-Moash, TheBunkDontSwim1983, nauhel, Saalfin, Paraframe, PeaceFroger229, acexacid, anna_k_s, LoniBana, KevinTitor, Dr_Dangles, RevolutionaryCommand, LordofMoonsSpawn, 4raser, HalcyonDaysAreGone, DalinarUnited, AManHasN0UserName, thewhitewoof,"
Dark Tower,Stephen King,25,"Anderson_Dawes, StrangerInAlps, Cubs017, tonystank21, js52000, Abelincononabear, Sidion101, JATION, Ashen_Heart, ACardAttack, RamboTarzann, peyton_manhead, Herz_Frequency, blitzenbreath, howdy_im_jon, BubiBalboa, tealparadise, JohnAnderton, HellaSober, DreaMorpheusSandman, BeardedMoon,  MarkLawrence, ManicCetra, Huw402, Marswolf01, "
Hainish Cycle,Ursula K Le Guin,25,"UncleObli, astarinel, Larimo, Pufforrohk, Magoo451, UnstitchedStitch, Son_of_Winterfell, Esbilon, Genabackan, kjmichaels, valgranaire, TheFourthReplica, roninsb, improperlyparanoid, Marswolf01, ammorris22, Magoo451, labchambers, zolak, spikyturtle87, MLKdidnothingwrong, Genabackan, Swarlos262, leftoverbrine, GarrickWinter, "
Old Kingdom,Garth Nix,24,"Eldrene_Ay_Ellan, I_Love_Colors, Croakers, Darkcheesecake, ICreepAround, librarylackey, WitsDumbLuck, MedusasRockGarden, DreamweaveMirar, derivative_of_life, SeiShonagon, Talas_Engineer, Hyzie, anna_k_s, misssim1, tealparadise, dogfoodtears, laurenhiya21, mysterymachine08, Corey_Actor, shadownight312, SHWiMM, Lightlylantern, lyrrael"
American Gods,Neil Gaiman,24,"Saurosian, illyriaya, Woahno, Olorin314, TheSecondBest, librarylackey, KingWapo, MistressBedlam, cpt_pancreas, HypatiaRising, thebigredblob, UnstitchedStitch, sleazemore, TheBeardyOnes, mygoldenfeces, different_tan, PeaceFroger229, Evangelon422, illkraz, blitzenbreath, BohemianPeasant, dompidu, keshanu, BiggerBetterFaster,                          "
Arcane Ascension,Andrew Rowe,23,"JackYAqua, FleeetKeptRunning, Tur4, Authentic-Albion, appocomaster, thebigredblob, laku_, lordfarkle, jljackson2, speakerforthe, xland44, Jierda175, mysterycookie333, theelbandito, DukeFlate, BubiBalboa, dogfoodtears, Dakob, KNicol, AManHasN0UserName, YellowTM, thewhitewoof, MFanjos, "
The Chronicles of Narnia,CS Lewis,23,"christiankeeney, beldaran1224, master6494, Cubs017, will_e_wonka, tarvolon, HypatiaRising, Asheweaver, josephdanielauthor, Talas_Engineer, happypolychaetes, GreenSkyDragon, Shompta, DukeFlate, RevolutionaryCommand, soccerllama, celebrimbor2, swaindrous, mrsmoo, felinor12, andrewssousa, leftoverbrine, luwendrill"
The Lions of Al-Rassan,Guy Gavriel Kay,23,"xetrov, Eldrene_Ay_Ellan, farstrid3r, Magoo451, sarric, Alissa-, Auberron, LordOfSwords, RubiscoTheGeek, anisogramma, JimRJapan, Szarka22, Jos_V, Barristan_the_Old, KcirderfSdrawkcab, BLNelson,  Helli784, Herz_Frequency, soccerllama, TRAIANVS, kjmichaels, HalcyonDaysAreGone, Tikimoof, "
Riftwar saga,Raymond E Fiest and Janny Wurts,23,"timetwister, gfe98, Wiron2, MedusasRockGarden, AwkwardTurtle, Cloudh4t, mndrew, Rudyralishaz, howdy_im_jon, ajp1195, seantheaussie, MFanjos, Larimo, Maudeitup, Nova_Mortem, appocomaster, 1626316263, LOSkills333, 
josephdanielauthor, AngryCumbrian, cherylgmail, Zunvect, luwendrill, "
The Emperor's Soul,Brandon Sanderson,22,"christiankeeney, wanemarr, Fox9933, will_e_wonka, js52000, Manlir, Croakers, erai91, ACardAttack, Adrason, roninsb, valgranaire, Felisin_Paran, Keriew, Lightylantern, CZero13, ReadingNPlaying, OKINGPAC, confusionsteephands, im_so_not_creative, KristinnK, DukeFlate, "
The Expanse,James S.A. Corey,22,"Anderson_Dawes, xetrov, jddennis, librarylackey, KingWapo, JayKayxU, Nihilistic_Avocado, Fimus86, cpt_pancreas, DreamweaveMirar, odd2002night, InspecteurCrouton, cainthevaliant, uhohmomspaghetti, ullsi, avfc_66, Jierda175, Mist_effin_born, Gregor__Eisenhorn, BubiBalboa, Digger412, DreaMorpheusSandman, "
The Library at Mount Char,Scott Hawkins,22,"OldschoolIsh, JackYAqua, Ihrenglass, jo_ba, ICreepAround, UnstitchedStitch, AwkwardTurtle, BadgerMasher, barb4ry1, Adrason, SHWiMM, MusubiKazesaru, ullsi, jalucard, Jierda175, niterunner1978, iceman012, BubiBalboa, The_Octonion, PvogonJ, 9999squirrels, SpherrY, "
World of the Five Gods,Lois McMaster Bujold,21,"AdamRueth, tarvolon, niko-no-tabi, 1626316263, anisogramma, BadgerMasher, JamesLatimer, Talas_Engineer, sesto_uncias, InexplicableMagic, The_Perfect_Nemesis, Adrason, unplugthemins86, Idunn12380, SharadeReads, Tikimoof, oboist73, dompidu, LauraDragonchild, improperly_paranoid, jbatchen, "
Warbreaker,Brandon Sanderson,20,"christiankeeney, 00dani3l, illyriaya, jddennis, Vatsdimri, Fox9933, speedchuck, X_Ravenfire, OKINGPAC, confusionsteephands, iceman012, cherylgmail, Shompta, KristinnK, Dr_Dangles, jship23, Swarlos262, Emospence, Corey_Actor, Keriew, "
Tigana,Guy Gavriel Kay,20,"farstrid3r, FleeetKeptRunning, XenRivers, no_ragrats, play_the_puck, 1626316263, anisogramma, D3athRider, erai91, MrPeat, Helfarch, uhohmomspaghetti, Eladir, The_Octonion, mrsmoo, andrewssousa, bookfly, AManHasN0UserName, Faithless232, smittyphi,"
Uprooted,Naomi Novik,20,"SirBowTheNotSoGiant, WombatHats, feralanima, mms17, anisogramma, Asheweaver, baderl0ck, pbannard, LoniBana, blitzenbreath, SpherrY, TRAIANVS, BiggerBetterFaster, oboist73, CarolinaCM, GarbagePailKid90, improperlyparanoid, thisusernameismeta, gufguf, meltedtoast,"
The Wandering Inn,Pirateaba,20,"JackYAqua, Fox9933, Manlir, hajakuja, Cedocore, Extore, TheBeardyOnes, potatoespuds, inspyrous, xland44, taichi22, macross9321, theelbandito, Dakob, randomcsplayer, Tavarous, duckorgies, Istarial, gufguf, smittyphi"
The Shadow Campaigns,Django Wexler,19,"Eldrene_Ay_Ellan, Fox9933, LordAncrath, SceptileTheReptile, AccipiterF1, Nova_Mortem, Fimus86, appocomaster, laku_, saturday_night, haussarian, Hawk1138, struttersix, JMLP23, pbro42, vigasia, skyrider006, SmallishPlatypus, Bills25,"
Vorkosigan Saga,Lois McMaster Bujold,19,"AdamRueth, onrack, jddennis, I_Love_Colors, Croakers, tarvolon, AmoronDonkeyballs, haaplo, StrawbIchigo, Rudyralishaz, InexplicableMagic, Foyles_War, The_Perfect_Nemesis, wishforagiraffe, oboist73, astarinel, seantheaussie, bookfly, Lotronex, "
The Ender Quartet,Orson Scott Card,19,"Saurosian, DimwitAlmighty, nineteendoors, AmoronDonkeyballs, potatoespuds, Mr-Thursday, Tavarous, Keriew, Gaylord_the_Edgelord, Marswolf01, RWWare, zagon2, taichi22, Hyzie, Cr1spy10, tst619, Esbilon, KristinnK, tealparadise, "
Six of Crows,Leigh Bardugo,18,"illyriaya, CapNitro, Reasonable_Regret, spinachdumpling, KingWapo, TheCraftyPanda, Fledgeledge, mygoldenfeces, LOSkills333, unplugtheminus80, astarinel, mysterymachine08, KNicol, Hyzie, niterunner1978, im_so_not_creative, misssim1, Swarlos262, "
The Culture,Iain M. Banks,17,"Eldrene_Ay_Ellan, ricree, gfe98, Maudeitup, InspecteurCrouton, green_name, different_tan, Digger412, HellaSober, Huw402, leftoverbrine, CMDR_Concubine, roninsb, Connyumbra, Freeky, CertifiedMentat, AlecHutson,"
Tortall,Tamora Pierce,17,"TinyFlyingLion, beldaran1224, illyriaya, I_Love_Colors, mantrasong, feralanima, TheCraftyPanda, DreamweaveMirar, Cedocore, evilshindig, SeiShonagon, sailorfish27, thequeensownfool, StrawbIchigo, pbannard, SmallFruitBat, sleeping-pug, "
The Book of the New Sun,Gene Wolfe,16,"navilo, jddennis, DonMaitz, SirBowTheNotSoGiant, Auberron, Asimov_800, zolak, Fermet_, lazyear, Herz_Frequency, Genabackan, Severian_of_Nessus, The_Perfect_Nemesis, ehudsdagger, Angus_McFife13, Angus_McFife13, "
Codex Alera,Jim Butcher,16,"timetwister, Nemesis_OfEvil, Kikanolo, Fimus86, lordfarkle, SeiShonagon, casssb, EmpressRey, mndrew, tobias33, illkraz, sesto_uncias, shadownight315, Tavarous, smittyphi, Lotronex, "
"Memory, Sorrow, and Thorn",Tad Williams,16,"jddennis, DivisionMatrix, Abelincononabear, lindy133, Darkcheesecake, Vinxii, JimRJapan, rfgordon, Szarka22, steppenfloyd, LordKatakuri, mrsmoo, UblalaPung78, KQRZN, CMDR_Concubine, tkinsey3, "
The Chronicles of Amber,Roger Zelazny,15,"Nova_Mortem, thebloodynine85, Phyrkrakr, Talas_Engineer, Raestagg, mndrew, confusionsteephands, HellaSober, Aluhut, Gaylord_the_Edgelord, BeardedMoon, Nova_Mortem, BiggerBetterFaster, Arion_rufus, BiggerBetterFaster,"
The Masquerade,Seth Dickinson,15,"PotatoQuie, will_e_wonka, Darkcheesecake, Fermet_, AwkwardTurtle, lunchliege, ParanoidAndroid09, struttersix, peyton_manhead, TaborlintheGreat322, vigasia, SmallFruitBat, sailorfish27, roninsb, bubblegumgills, "
New Crobuzun,China Mieville,14,"Olorin314, XenRivers, LordOfSwords, Karaeth, different_tan, avfc_66, Destynie, hawkun, The_Octonion, CHMonster, GarrickWinter, bubblegumgills, AlecHutson, Loltohru,"
Mother of Learning,Domagoj Kurmaic,14,"Fox9933, Sidion101, Tur4, hajakuja, Wiron2, Jormunglycon, Cedocore, speakerforthe, CZero13, MFanjos, Salaris, jymspaul, taichi22, theelbandito, "
Winternight trilogy,Katherine Arden,14,"illyriaya, Woahno, AmoronDonkeyballs, mms17, lunchliege, SeiShonagon, Asheweaver, happypolychaetes, CarolinaCM, mysterymachine08, pokiria, Idunn12380, meltedtoast, sailorfish27"
The Traitor Son Cycle,Miles Cameron,14,"Anderson_Dawes, DivisionMatrix, Cam27022, peleles, cpt_pancreas, ayaneeda, Redbirdfromtheeast, D3athRider, deadkeepteaching, saturday_night, MatrimPaendrag, LoniBana, UblalaPung28, Skyrider006, "
The Second Apocalypse,R Scott Bakker,14,"navilo, onrack, DivisionMatrix, XenRivers, RobBobGlove, Akill0816, Fermet_, Redbirdfromtheeast, casssb, The_Octonion, 4raser, antigrapist, Gaylord_the_Edgelord, AlecHutson, "
Night Angel,Brent Weeks,13,"dawnbot, no_ragrats, HypatiaRising, Authentic-Albion, lordfarkle, Extore, mangle89, xmaster001, -Shuri-, pbro42, baderl0ck, illkraz, splaesh, "
Sarantine Mosaic,Guy Gavriel Kay,13,"xetrov, ricree, StarlightEstel, anisogramma, Mournelithe, BLNelson, pbannard, Herz_Frequency, LauraDragonchild, Connyumbra, Huw402, The_Real_JS, soccerllama,"
The Golem and the Djinni,Helene Wecker,12,"WanderingWayfarer, Larimo, Ihrenglass, Pufforrohk, Titan_Arum, Fledgeledge, BohemianPeasant, misssim1, meltedtoast, gunttert, JimmyJames42, Mike-Dane,"
Wars of Light and Shadow,Janny Wurts,12,"DivisionMatrix, DonMaitz, Esa1996, PaigeLChristie, Alissa-, labchambers, MedusasRockGarden, AngelDeath2, LauraDragonchild, KNicol, unplugtheminus80, Raestagg, "
Bartimaeus,Jonathan Stroud,12,"00dani3l, DimwitAlmighty, ShadyMcShade1, taenite, ayaneeda, Tavarous, Grayriser, ajp1195, gufguf, josephdanielauthor, mistymountainz, Kayzels, "
The Magicians,Lev Grossman,12,"mattstodon53, Olorin314, AccipiterF1, Jormunglycon, ayaneeda, pondandbucket, MFanjos, aesir23, SHWiMM, KevinTitor, mysterycookie333, CHMonster, "
The Murderbot Diaries,Martha Wells,12,"xetrov, WombatHats, lindy133, ICreepAround, Nova_Mortem, laurenhiya21, bookfly, wishforagiraffe, Corey_Actor, niterunner1978, SpherrY, Swarlos262, "
Craft Sequence,Max Gladstone,12,"Eldrene_Ay_Ellan, ricree, valgranaire, bookfly, iamteehee4, Tikimoof, MsAngelAdorer, antigrapist, The_Real_JS, DalinarUnited, alchemie, MrPeat, "
Vlad Taltos,Steven Brust,12,"ICreepAround, Kyrenox, Mournelithe, Phyrkrakr, mndrew, WereTiggy, IGmobile, pbro42, confusionsteephands, smittyphi, iamteehee5, tkinsey3,"
The Machineries of Empire,Yoon Ha Lee,12,"AdamRueth, mantrasong, AwkwardTurtle, SeiShonagon, theEolian, thequeensownfool, astarinel, GarrickWinter, Ansalem, Arion_rufus, keshanu, Megan_Dawn, "
The Long Price Quartet,Daniel Abraham,11,"RubiscoTheGeek, peleles, amongstravens, pondandbucket, Redbirdfromtheeast, Scyther99, JimRJapan, LauraDragonchild, Bills25, Grayriser, Faithless232, "
The Foundation,Isaac Asimov,11,"navilo, Pufforrohk, DimwitAlmighty, Fearful_Leader, randomcsplayer, MatrimPaendrag, uhohmomspaghetti, Cr1spy10, InexplicableMagic, Digger412, HellaSober, "
The Ocean at the End of the Lane,Neil Gaiman,11,"Manlir, nineteendoors, HypatiaRising, 1626316263, unplugtheminus80, valgranaire, Mike-Dane, Corey_Actor, Idunn12380, jalucard, Dig4Fire, "
Raven's Shadow,Anthony Ryan,10,"wanemarr, MistressBedlam, sedirep, Cloudh4t, peyton_manhead, Dig4Fire, ABAB0008, cornpenguin01, ADFTBA, anna_k_s, "
The Faithful and the Fallen,John Gwynne,10,"SceptileTheReptile, sleazemore, deadkeepteaching, MusubiKazesaru, zagon2, KKalonick, No_Serenity, LoniBana, ef_miller, UblalaPung78"
The Queen's Thief,Megan Whalen Turner,10,"TinyFlyingLion, nineteendoors, Nova_Mortem, taenite, Kyrenox, potatoespuds, bookfly, Angus_McFife13, Szarka22, celebrimbor2, "
Watership Down,Richard Adams,10,"Maudeitup, I_Love_Colors, tarvolon, Fearful_Leader, Asimov_800, play_the_puck, theEolian, Hyzie, blitzenbreath, Mike-Dane, "
Greatcoats series,Sebastian de Castell,10,"Nemesis_OfEvil, Mattyes, CapNitro, deadkeepteaching, KKalonick, Meret123, Wheels630, Lightlylantern, seantheaussie, smittyphi, "
Imperial Raadch,Ann Leckie,9,"Maudeitup, mantrasong, Alissa-, labchambers, theEolian, astarinel, JimmyJames42, thequeensownfool, niterunner1978, "
Dragonriders of Pern,Anne McCaffrey,9,"mariecroke, ICreepAround, MedusasRockGarden, potatoespuds, skavinger5882, KcirderfSdrawkcab, tealparadise, Digger412, mrsmoo, "
Tales of Ketty Jay,Chris Wooding,9,"LordAncrath, RubiscoTheGeek, Fimus86, mms17, haussarian, cainthevaliant, RWWare, ReadingNPlaying, Faithless232,                            "
Belgariad,David Eddings,9,"SirBowTheNotSoGiant, potatoespuds, IrnBruFiend, steppenfloyd, Redlilymc, cherylgmail, Shompta, felinor12, shadownight318, "
Drenai series,David Gemmell,9,"Mattyes, Asimov_800, AngryCumbrian, Paraframe, kaahr, seantheaussie, Huw402, MrPeat, MarkLawrence,"
A Practical Guide to Evil,Erraticerrata,9,"ricree, hajakuja, Cedocore, derivative_of_life, Tavarous, xland44, taichi22, sedirep, Esbilon, "
Licanius,James Islington,9,"timetwister, FleeetKeptRunning, ayaneeda, speakerforthe, X_Ravenfire, zagon2, marethyu316, threeolives, thewhitewoof"
Circe,Madeline Miller,9,"dawnbot, jjackson2, JimmyJames42, jbatchen, laurenhiya21, wots77, misssim1, hawkun, WeDoNotSow, "
Temeraire,Naomi Novik,9,"polarunderwear, UnstitchedStitch, ayaneeda, Cloudh4t, bobd785, ef_miller, Skyrider006, Tavarous, luwendrill, "
Legend of Drizzt,R.A. Salvatore,9,"timetwister, Reasonable_Regret, Extore, Lagerbottoms, Vinxii, Tavarous, xLuthienx, RyanToxopeus, acexacid, "
The Inheritance Cycle,Christopher Paolini,8,"00dani3l, Fearful_Leader, TheR2P2, MFanjos, ajp1195, MatrimPaendrag, mysterycookie333, KristinnK, "
The Oxford Time Travel Series ,Connie Willis,8,"polarunderwear, PaigeLChristie, taenite, Fimus86, D3athRider, Szarka22, mysterymachine08, astarinel, "
Skulduggery Pleasant,Derek Landy,8,"Nemesis_OfEvil, JackYAqua, ParanoidAndroid09, Grayriser, Felisin_Paran, sedirep, -Shuri-, niterunner1978, "
Garrett PI,Glen Cook,8,"andypeloquin, thebloodynine85, Cr1spy10, mndrew, boc1892, howdy_im_jon, Angus_McFife13, Angus_McFife13, "
Under Heaven,Guy Gavriel Kay,8,"Magoo451, anisogramma, Karaeth, Dig4Fire, Esbilon, Ansalem, aesir23, AlecHutson,"
Guns of the Dawn,Adrian Tchaikovsky,7,"Nemesis_OfEvil, peleles, Fimus86, cainthevaliant, LauraDragonchild, Megan_Dawn, vigasia, "
Children of Time,Adrian Tchaikovsky,7,"jo_ba, Lagerbottoms, uhohmomspaghetti, WeDoNotSow, SpherrY, CertifiedMentat, bubblegumgills,                                                         "
Remembrance of Earth's Past,Cixin Liu,7,"BattleBreeches, InspecteurCrouton, MatrimPaendrag, Aluhut, Swarlos262, Emospence, Marswolf01,                            "
The Coldfire Trilogy,CS Friedman,7,"Cam27022, ShadyMcShade1, PaigeLChristie, derivative_of_life, mrsmoo, gunttert, Tikimoof,"
1984,George Orwell,7,"MediocreLimo, I-created-Jiah, legomaniac89, goofy_mcgee, Eladir, Severian_of_Nessus, JohnAnderton, "
Kate Daniels,Ilona Andrews,7,"mantrasong, lunchliege, Hawk1138, GarbagePailKid90, katiedid1991, sleeping-pug, GreenSkyDragon, "
The Raven Cycle,Maggie Steifvater,7,"WanderingWayfarer, JackYAqua, Megan_Dawn, unplugtheminus80, JimmyJames42, tctippens, lrich1024, wishforagiraffe                                                        "
Spinning Silver,Naomi Novik,7,"TaborlintheGreat322, baderl0ck, Herz_Frequency, BohemianPeasant, mysterymachine08, Idunn12380, thisusernameismeta,                             "
Forgotten Beasts of Eld,Patricia McKillip,7,"Auberron, 1626316263, JimRJapan, gunttert, oboist73, jbatchen, pokiria                            "
The Poppy War,R.F. Kuang,7,"amongstravens, thebigredblob, jljackson2, mms17, UncleObli, spikyturtle87, LordKatakuri, "
The Wounded Kingdom,R.J. Barker,7,"Mattyes, FleeetKeptRunning, PaigeLChristie, LOSkills333, thewhitewoof, alchemie, MrPeat, "
Terra Ignota,Ada Palmer,6,"AdamRueth, AccipiterF1, Fermet_, StrawbIchigo, The_Perfect_Nemesis, TheFourthReplica, "
Elantris,Brandon Sanderson,6,"spinachdumpling, Stonelegs, X_Ravenfire, Shompta, ParanoidQ, Emospence, "
Chronicle of the Unhewn Throne,Brian Stavely,6,"jo_ba, Authentic-Albion, laku_, Scyther99, barb4ry1, seantheaussie,"
Dagger and Coin,Daniel Abraham,6,"crokus_n_al, OldschoolIsh, Cubs017, D3athRider, Scyther99, pbro42, "
To Ride Hell's Chasm,Janny Wurts,6,"farstrid3r, WanderingWayfarer, DonMaitz, Alissa-, LauraDragonchild, Arion_rufus,"
The Tarot Sequence,KD Edwards,6,"laku_, Megan_Dawn, SharadeReads, KNicol, lrich1024, Reasonable_Regret, "
Saga of Recluce,LE Modesitt Jr,6,"Cr1spy10, mndrew, Rudyralishaz, sesto_uncias, shadownight317, BeardedMoon,"
Chronicles of Prydain,Lloyd Alexander,6,"WanderingWayfarer, Shompta, MLKdidnothingwrong, swaindrous, kjmichaels, tkinsey3,"
Gormenghast trilogy,Mervyn Peake,6,"Asimov_800, TRAIANVS, MarkLawrence, alchemie, different_tan, TangledPellicles, "
The Elric Saga,Michael Moorcock,6,"rattatally, ehudsdagger, 4raser, KQRZN, pbro42, RevolutionaryCommand, "
Neverwhere,Neil Gaiman,6,"HypatiaRising,1626316263, TheBeardyOnes, spikyturtle87, EmpressRey, leftoverbrine, "
The Demon Cycle,Peter V. Brett,6,"Nemesis_OfEvil, WitsDumbLuck, lordfarkle, Helfarch, pbro42, InexplicableMagic, "
Conan the Barbarian,Robert E. Howard,6,"ehudsdagger, gfe98, dwmmerrick, boc1892, Eladir, TangledPellicles, "
Sunshine,Robin McKinley,6,"I_Love_Colors, mrsmoo, SpherrY, Tikimoof, oboist73, CarolinaCM,"
Sword of Truth,Terry Goodkind,6,"Esa1996, Reasonable_Regret, Cloudh4t, RyanToxopeus, felinor12, luwendrill, "
The City & the City,China Mieville,5,"ammorris22, pondandbucket, BLNelson, KevinTitor, Genabackan, "
The First Fifteen Lives of Harry August,Claire North,5,"OldschoolIsh, BadgerMasher, tctippens, The_Real_Js, Arion_rufus                            "
Shattered Sigil,Courtney Schafer,5,"ricree, MatrimPaendrag, happypolychaetes, DukeFlate, wishforagiraffe, "
The Checquy Files,Daniel O'Malley,5,"Nova_Mortem, Hawk1138, ef_miller, seantheaussie, JimmyJames42,"
Howl's Moving Castle,Diana Wynne Jones,5,"WanderingWayfarer, I_Love_Colors, spinachdumpling, pyhnux, ASIC_SP,"
Harry Potter and the Methods of Rationality,Eliezer Yudkowsky,5,"Wiron2, Mr-Thursday, randomcsplayer, Kayzels, Esbilon, "
The Deeds of Paksenarrion,Elizabeth Moon,5,"ICreepAround, KKalonick, mndrew, Rudyralishaz, AlecHutson,"
The Cthulhu Mythos,H.P. Lovecraft,5,"UncleObli, Hurinfan, goofy_mcgee, Severian_of_Nessus, 9999squirrels"
The Sevenwaters Books,Juliet Marillier,5,"unplugtheminus80, gunttert, lost_chayote, thisusernameismeta, casssb, "
The Memoirs of Lady Trent,Marie Brennan,5,"pyhnux, InexplicableMagic, GarbagePailKid90, GarrickWinter, BiggerBetterFaster, "
Valdemar,Mercedes Lackey,5,"beldaran1224, I_Love_Colors, Reasonable_Regret, UncleObli, cherylgmail, "
Anathem,Neal Stephenson,5,"BadgerMasher, niterunner1978, The_Octonion, Zunvect, JohnAnderton, "
Stardust,Neil Gaiman,5,"OldschoolIsh, Gregor__Eisenhorn, briargrey, zebba_oz, gunttert,"
Mercy Thompson,Patricia Briggs,5,"thequeensownfool, KcirderfSdrawkcab, GreenSkyDragon, recchai, seantheaussie,"
Founder's Trilogy,Robert Jackson Bennet,5,"Kikanolo, speakerforthe, Karaeth, illkraz, iamteehee12, "
Inda,Sherwood Smith,5,"wishforagiraffe, niko-no-tabi, kjmichaels, Bills25, Megan_Dawn, "
Chronicles of Thomas Covenant the Unbeliever,Stephen Donaldson,5,"chelsea_hotel7316, thebloodynine85, Evangelon422, IGmobile, shadownight315,"
Shades of Magic,V.E. Schwab,5,"mattstodon53, mms17, Nisioisin, misssim1, laurenhiya21,"
Nevernight,Jay Kristoff,5,"lmason115, SceptileTheReptile, CZero13, Paraframe, lyrrael"
Shadows of the Apt,Adrian Tchaikovsky,4,"GarrickWinter, appocomaster, cainthevaliant, avfc_66, "
Revelation Space,Alastair Reynolds,4,"cainthevaliant, Freeky, different_tan, Aluhut, "
Peter Grant,Ben Aaronovitch,4,"SirBowTheNotSoGiant, RubiscoTheGeek, Mournelithe, Foyles_War, "
Alex Verus,Benedict Jacka,4,"mantrasong, josephdanielauthor, boc1892, BubiBalboa, "
The Bone Clocks,David Mitchell,4,"illyriaya, OldschoolIsh, CapNitro, aesir23"
Super Powereds,Drew Hayes,4,"Kikanolo, AmoronDonkeyballs, smittyphi, bobd785, "
Raven's Mark,Ed McDonald,4,"WitsDumbLuck, infinitylady89, lost_chayote, AngryCumbrian, "
Artemis Fowl,Eoin Colfer,4,"DimwitAlmighty, im_so_not_creative, GreenSkyDragon, 9999squirrels, "
The Fionavar Tapestry,Guy Gavriel Kay,4,"LOLtohru, alchemie, mrsmoo, TangledPellicles, "
Lud-in-the-Mist,Hope Mirrlees,4,"ammorris22, JimRJapan, BiggerBetterFaster, BiggerBetterFaster,                          "
The Lyonesse Trilogy,Jack Vance,4,"dwmmerrick, LordOfSwords, niko-no-tabi, Severian_of_Nessus, "
The Winnowing Flame,Jen Williams,4,"JamesLatimer, CMDR_Concubine, thewhitewoof, bubblegumgills,"
The Forever War,John Haldeman,4,"GeorgeMacDonald, InspecteurCrouton, Jos_V, Destynie, "
Frankenstein,Mary Shelley,4,"christiankeeney, BattleBreeches, taenite, GreenSkyDragon, "
Acts of Caine,Matthew Woodring Stover,4,"jo_ba, Kyrenox, green_name, Swarlos262, "
The Graveyard Book,Neil Gaiman,4,"Woahno, SmallishPlatypus, guf guf, steppenfloyd, "
Heartstrikers,Rachel Aaron,4,"mattstodon53, sailorfish27, iceman012, YellowTM, "
Fahrenheit 451,Ray Bradbury,4,"Saurosian, I-created-Jiah, taichi22, Eladir, "
Takeshi Kovacs,Richard Morgan,4,"CapNitro, different_tan, Aluhut, Gaylord_the_Edgelord, "
An Unkindness of Ghosts,Rivers Solomon,4,"SharadeReads, The_Real_JS, keshanu, leftoverbrine,                           "
Master Assasins,Robert Redick,4,"Huw402, Master Assassins, jbatchen, MarkLawrence"
Lord of Light,Roger Zelazny,4,"green_name, Hurinfan, kjmichaels, AlecHutson,"
The Steerswoman series,Rosemary Kirstein,4,"Maudeitup, feralanima, Mike-Dane, MsAngelAdorer,"
The Priory of the Orange Tree,Samantha Shannon,4,"FleeetKeptRunning, sleazemore, vigasia, bubblegumgills"
The Winged Histories,Sofia Samatar,4,"MsAngelAdorer, improperly_paranoid, sailorfish27, Genabackan, "
The Stand,Stephen King,4,"js52000, mygoldenfeces, Raestagg, KeepCalmAndHodorOn, "
Shannara,Terry Brooks,4,"timetwister, MedusasRockGarden, howdy_im_jon, jship23, "
Black Magician trilogy,Trudi Canavan,4,"TheCraftyPanda, MedusasRockGarden, shadownight320, ajp1195,"
A Canticle for Leibowitz,Walter Miller Jr,4,"zolak, UncleObli, Son_of_Winterfell, JohnAnderton, "
Twig,Wildbow,4,"Manlir, Nihilistic_Avocado, Mist_effin_born, randomcsplayer, "
The Dark Profit Saga,Zachary Pike,4,"speakerforthe, Nersevan, skyrider006, YellowTM,"
House of Suns,Alastair Reynolds,3,"Zunvect, hawkun, Marswolf01,                             "
Brave New World,Aldous Huxley,3,"no_ragrats, I-created-Jiah, Severian_of_Nessus, "
The Martian,Andy Wier,3,"Asheweaver, ASIC_SP, chuckusmaximus, "
The Black Jewels,Anne Bishop,3,"Hawk1138, Hyzie, ef_miller, "
Warlord Chronicles,Bernard Cornwell,3,"xLuthienx, LoniBana, MrPeat,"
The Rithmatist,Brandon Sanderson,3,"mariecroke, speedchuck, niterunner1978, "
Redwall,Brian Jacques,3,"Herz_Frequency, 9999squirrels, celebrimbor2, "
The Drowning Girl,Caitlin R. Kiernan,3,"ICreepAround, MsAngelAdorer, keshanu, "
Navronne Series,Carol Berg,3,"Mournelithe, bookfly, Alissa-,"
Newford,Charles de Lint,3,"Ihrenglass, sarric, TangledPellicles, "
The Seven Realms,Cinda Williams Chima,3,"saturday_night, Vinxii, ajp1195,"
The Space Trilogy,CS Lewis,3,"GeorgeMacDonald, celebrimbor2, chuckusmaximus, "
Low Town,Daniel Polansky,3,"Kyrenox, cainthevaliant, Cloudh4t, "
The Rigante,David Gemmell,3,"IrnBruFiend, MusubiKazesaru, MrPeat"
Honor Harrington,David Weber,3,"DreamweaveMirar, Rudyralishaz, InexplicableMagic, "
Warriors,Erin Hunter,3,"9999squirrels, Keriew, Lightlylantern,"
The Rage of Dragons,Evan Winter,3,"will_e_wonka, jljackson2, spyrothedovah, "
Repairman Jack,F. Paul Wilson,3,"LordAncrath, barb4ry1, Redlilymc, "
Fafhrd and the Grey Mouser,Fritz Leiber,3,"4raser, dwmmerrick, rattatally, "
Shades of Grey,Jasper Fforde,3,"jo_ba, TheBeardyOnes, TRAIANVS,"
Southern Reach,Jeff Vandermeer,3,"SirBowTheNotSoGiant, JayKayxU, CHMonster, "
Old Man's War,John Scalzi,3,"InspecteurCrouton, Foyles_War, chuckusmaximus, "
Dawn of Wonder,Jonathan Renshaw,3,"jjackson2, xmaster001, ParanoidQ, "
Tensorate,JY Yang,3,"TinyFlyingLion, leftoverbrine, GarrickWinter,"
Crossroads,Kate Elliott,3,"Darkcheesecake, AngelDeath2, wishforagiraffe, "
Otherworld,Kelley Armstrong,3,"I_Love_Colors, thequeensownfool, recchai,"
The Dandelion Dynasty,Ken Liu,3,"AmoronDonkeyballs, Talas_Engineer, The_Perfect_Nemesis, "
Imager Portfolio,"L.E. Modesitt, Jr.",3,"Fearful_Leader, Mournelithe, Zunvect,                             "
The Song of Achilles,Madeline Miller,3,"spinachdumpling, thequeensownfool, WeDoNotSow, "
The Death Gate Cycle,Margaret Weis and Tracy Hickman,3,"TheCraftyPanda, howdy_im_jon, shadownight319, "
Dragonlance,Margaret Weis and Tracy Hickman,3,"sleazemore, Evangelon422, felinor12, "
Vita Nostra,Marina Dyachenko and Sergey Dyachenko,3,"thequeensownfool, improperly_paranoid, barb4ry1, "
Lady Astronaut,Mary Robinette Kowal,3,"sleeping-pug, wishforagiraffe, midobal, "
Manifest Delusions,Michael R. Fletcher,3,"Scyther99, Meret123, jalucard, "
Chronicles of Elantra,Michelle Sagara,3,"Nova_Mortem, thequeensownfool, Foyles_War, "
Essalieyan,Michelle West,3,"DivisionMatrix, Esa1996, bookfly"
Into the Drowning Deep,Mira Grant,3,"Nova_Mortem, sleeping-pug, Paraframe, "
Kindred,Octavia Butler,3,"mariecroke, tarvolon, D3athRider, "
Riddle-master Trilogy,Patricia A. McKillip,3,"1626316263, mndrew, SpherrY, "
Commonwealth Saga,Peter F. Hamilton,3,"theelbandito, tealparadise, threeolives, "
The Last Unicorn,Peter S. Beagle,3,"Hyzie, alchemie, Keriew, "
Firefall,Peter Watts,3,"InspecteurCrouton, The_Octonion, Freeky"
Mortal Engines,Phillip Reeves,3,"Manlir, superdragonboyangel, Grayriser"
A Land Fit for Heroes trilogy,Richard K Morgan,3,"XenRivers, JamesLatimer, UblalaPung78"
Percy Jackson and the Olympians,Rick Riordan,3,"TheCraftyPanda, xmaster001, TheStig136, "
The Daevabad Trilogy,S.A. Chakraborty,3,"avfc_66, ef_miller, SharadeReads, "
The Balance Academy,S.E. Robertson,3,"improperly_paranoid, HalcyonDaysAreGone, StarlightEstel,"
It,Stephen King,3,"goofy_mcgee, JohnAnderton, CertifiedMentat,                             "
The Dark is Rising,Susan Cooper,3,"StarlightEstel, recchai, ParanoidQ, "
Thrawn,Timothy Zahn,3,"speedchuck, xLuthienx, RyanToxopeus, "
The Princess Bride,William Goldman,3,"xetrov, GreenSkyDragon, CMDR_Concubine, "
The Sparrow,Mary Doria Russell,3,"TinyFlyingLion, chuckusmaximus, lyrrael, "
Threadbare,Andrew Seiple,2,"Dakob, gufguf"
The Others,Anne Bishop,2,"Ihrenglass, mantrasong, "
Vampire Chronicles,Anne Rice,2,"Abelincononabear, spinachdumpling, "
The Chronicles of Master Li and Number Ten Ox,Barry Hughart,2,"Wiron2, theelbandito, "
Yarnsworld,Benedict Patrick,2,"StarlightEstel, KKalonick, "
Die Elfen,Bernhard Hennen,2,"Lagerbottoms, Larimo"
The Song of the Shattered Sands,Bradley P. Beaulieu,2,"amongstravens, thewhitewoof, "
Dracula,Bram Stoker,2,"Paraframe, mysterymachine08,                            "
Fablehaven,Brandon Mull,2,"Asheweaver, josephdanielauthor, "
Reckoners,Brandon Sanderson,2,"WereTiggy, threeolives, "
Song of the Beast,Carol Berg,2,"TinyFlyingLion, LauraDragonchild                            "
Space Opera,Catherynne M Valente,2,"pokiria, Phyrkrakr, "
The Laundry Files,Charles Stross,2,"BadgerMasher, Zunvect, "
The Paper Magician,Charlie N. Homburg,2,"illyriaya, katiedid1991"
The Magister Trilogy,CS Friedman,2,"pondandbucket, derivative_of_life, "
The Divine Dungeon,Dakota Krout,2,"feralanima, lordfarkle, "
Eisenhorn,Dan Abnett,2,"im_so_not_creative, Gregor__Eisenhorn, "
Elenium,David Eddings,2,"appocomaster, MrPeat, "
Outlander,Diana Gabaldon,2,"MistressBedlam, sleeping-pug"
Fire and Hemlock,Diana Wynne Jones,2,"Maudeitup, SpherrY, "
Cycle of Galand,Edward W. Robertson,2,"marethyu316, BeardedMoon, "
Station Eleven,Emily St. John Mandel,2,"taenite, JimmyJames42,"
Planetfall,Emma Newman,2,"AmoronDonkeyballs, CMDR_Concubine,"
The Night Circus,Erin Morgenstern,2,"Asheweaver, mistymountainz, "
Alice in Wonderland,"Evangelon422,",2,"Evangelon422, mistymountainz, "
Jade City,Fonda Lee,2,"Kyrenox, avfc_66, "
A Face Like Glass,Frances Hardinge,2,"polarunderwear, SeiShonagon, "
Parasol Protectorate Series,Gail Carriger,2,"katiedid1991, recchai, "
The Invisible Library,Genevieve Cogman,2,"pokiria, boc1892, "
Fevre Dream,George R.R. Martin,2,"chelsea_hotel7316, Akill0816, "
The Dread Empire,Glen Cook,2,"haussarian, howdy_im_jon, "
Diaspora,Greg Egan,2,"onrack, InspecteurCrouton, "
A Song for Arbonne,Guy Gavriel Kay,2,"niko-no-tabi, CarolinaCM                            "
The Quantum Thief,Hannu Rajaniemi,2,"Pufforrohk, different_tan, "
Hidden Legacy Series,Ilona Andrews,2,"katiedid1991, recchai,"
The Dying Earth,Jack Vance,2,"dwmmerrick, 4raser, "
Thursday Next,Jasper Fforde,2,"taenite, TheBeardyOnes, "
Bloodsounder's Arc,Jeff Salyards,2,"DonMaitz, Alissa-, "
The Copper Cat,Jen Williams,2,"GarrickWinter, Larimo, "
Among Others,Jo Walton,2,"BattleBreeches, bubblegumgills, "
Shattered Sea,Joe Abercrombie,2,"AccipiterF1, LordKatakuri, "
Mage Errant,John Bierce,2,"Salaris, YellowTM,"
"Little, Big",John Crowley,2,"Idunn12380, rattatally"
Ranger's Apprentice,John Flanagan,2,"will_e_wonka, Strider9122, "
The Johannes Cabal,Jonathan L. Howard,2,"UncleObli, AwkwardTurtle, "
Saga of the Pliocene Exile,Julian May,2,"MarkLawrence, Jos_V, "
Blackthorn and Grim,Juliet Marillier,2,"Asheweaver, Redlilymc, "
Chronicles of the Deryni,Kaatherine Kurtz,2,"beldaran1224, TheR2P2, "
The Bel Dame Apocrypha,Kameron Hurley,2,"AngelDeath2, sleeping-pug"
King's Dark Tidings,Kel Kade,2,"SceptileTheReptile, mysterycookie333, "
The Girl Who Drank the Moon,Kelly Barnhill,2,"Woahno, MsAngelAdorer, "
Replay,Ken Grimwood,2,"ammorris22, Gaylord_the_Edgelord,"
Iron Druid Chronicles,Kevin Hearne,2,"mygoldenfeces, WereTiggy, "
The Hollows,Kim Harrison,2,"tealparadise, Foyles_War, "
Mars Trilogy,Kim Stanley Robinson,2,"Digger412, Marswolf01,                             "
The Etched City,KJ Bishop,2,"1626316263, AlecHutson,"
A Charm of Magpies,KJ Charles,2,"SharadeReads, CarolinaCM, "
Blackdog,KV Johansen,2,"JamesLatimer, sesto_uncias, "
Oz,L. Frank Baum,2,"mariecroke, briargrey, "
Strange the Dreamer,Laini Taylor,2,"sarric, unplugtheminus80                            "
The Giver,Lois Lowry,2,"I-created-Jiah, oboist73, "
The King Of Elfland's Daughter,Lord Dunsany,2,"ehudsdagger, Idunn12380,"
The Montague Siblings series,Mackenzi Lee,2,"tctippens, SharadeReads, "
The Gray House,Mariam Petrosyan,2,"Magoo451, improperly_paranoid"
The Books of the Raksura,Martha Wells,2,"mariecroke, antigrapist,                            "
Eternal Champion,Michael Moorcock,2,"boc1892, CHMonster, "
Winter of the World,Michael Scott Rohan,2,"Mournelithe, JamesLatimer, "
The Iron Dragon's Daughter,Michael Swanwick,2,"ammorris22, Pufforrohk, "
The Sword of Kaigen,ML Wang,2,"peyton_manhead, valgranaire, "
The Hundred Thousand Kingdoms,N.K. Jemisin,2,"beldaran1224, nineteendoors, "
Psy/Changeling,Nalini Singh,2,"Hawk1138, Felisin_Paran"
The Salt Roads,Nalo Hopkinson,2,"Connyumbra, keshanu, "
Unwind,Neal Shusterman,2,"I-created-Jiah, TheR2P2, "
Snow Crash,Neal Stephenson,2,"derivative_of_life, DreaMorpheusSandman, "
Binti,Nnedi Okorafor,2,"Arion_rufus, thisusernameismeta                            "
Tam Lin,Pamela Dean,2,"briargrey, TangledPellicles, "
The Forgotten Beasts of Eld,Patricia A. McKillip,2,"I_Love_Colors, niko-no-tabi, "
The Man in the High Castle,Philip K. Dick,2,"Pufforrohk,chuckusmaximus, "
The Broken Sword,Poul Anderson,2,"dwmmerrick, ehudsdagger"
Seraphina,Rachel Hartman,2,"recchai, GreenSkyDragon, "
"JackYAqua, Megan_Dawn",Rainbow Rowell,2,"JackYAqua,"
Ash and Sand,Richard Nell,2,"Nersevan, barb4ry1"
Thieves World,Robert Lynn Asprin,2,"ShadyMcShade1, mndrew, "
Innsmouth Legacy,Ruthanna Emrys,2,"The_Real_JS, wishforagiraffe"
Seven Blades in Black,Sam Sykes,2,"Phyrkrakr, vigasia, "
The Doctrine of Labyrinths,Sarah Monette,2,"Tikimoof, StarlightEstel,"
In Other Lands,Sarah Rees Brennan,2,"Nova_Mortem, Megan_Dawn"
October Daye,Seanan McGuire,2,"Hawk1138, boc1892, "
The Khaavren Romances,Steven Brust,2,"HellaSober, TangledPellicles, "
Once and Future King,T.H. White,2,"PeaceFroger229, Absurdulon, "
Zones of Thought,Vernor Vinge,2,"derivative_of_life, JATION, "
Pact,Wildbow,2,"speedchuck, Gregor__Eisenhorn, "
Traveler's Gate,Will Wight,2,"Salaris, iceman012, "
Neuromancer,William Gibson,2,"Aluhut, Angus_McFife13, "
Deerskin,Robin McKinley,2,"SeiShonagon, lyrrael"
Hidden Sea Tales,A.M. Delamonica,1,"wishforagiraffe, "
A Wizard's Forge,A.M. Justice,1,"anna_k_s,"
The Thing Itself,Adam Roberts,1,"Freeky,"
Snakewood,Adrian Selby,1,"JamesLatimer,"
The Winter Road,Adrian Selby,1,"LoniBana,"
Dogs of War,Adrian Tchaikovsky,1,"CMDR_Concubine, "
Echoes of the Fall,Adrian Tchaikovsky,1,"GarrickWinter, "
La Horde du Contrevent,Alain Damasio,1,"kaahr,"
Watchmen,Alan Moore and Dave Gibbons,1,"Esbilon,"
Tufa,Alex Bledsoe,1,"xetrov, "
Worth the Candle,Alexander Wales,1,"Cedocore,"
The House of Shattered Wings,Aliette de Bodard,1,"Arion_rufus, "
Obsidian and Blood,Aliette de Bodard,1,"LOLtohru,"
The Books of Pellinor,Alison Croggon,1,"TinyFlyingLion, "
The Kingmaker Chronicles,Amanda Bouchet,1,katiedid1991
The Necromancer Chronicles,Amanda Downum,1,"MistressBedlam,"
Illuminae Files,Amie Kaufman and Jay Kristoff,1,"ef_miller,"
Wi'tch World,Andre Norton,1,"WanderingWayfarer, "
Lord of All Things,Andreas Eschbach,1,"Akill0816,"
Weapons and Wielders,Andrew Rowe,1,"mysterycookie333,"
The Only City Left,Andy Goldman,1,"RyanToxopeus,"
Septimus Heap,Angie Sage,1,"TheR2P2,"
The Raven Tower,Ann Leckie,1,"AwkwardTurtle,"
Empire of Dust,Anna Smith Spark,1,"Akill0816,"
Autobiography of Red,Anne Carson,1,"polarunderwear, "
Rendezvous With Rama,Arthur C. Clarke,1,Marswolf01
The Songs of Distant Earth,Arthur C. Clarke,1,"Freeky,"
The Brothers Lionheart,Astrid Lindgren,1,"KristinnK,"
Course of Honor,Aviolot,1,"SeiShonagon,"
"So I'm a Spider, So What",Baba Okina,1,"Salaris, "
Children Trilogy,Ben Peek,1,"cainthevaliant,"
Fables,Bill Willingham,1,"Mr-Thursday,"
Legion,Brandon Sanderson,1,"ParanoidAndroid09,"
Skyward,Brandon Sanderson,1,"ParanoidAndroid09,"
Shadows for Silence in the Forest of Hell,Brandon Sanderson,1,"OKINGPAC,"
Ultimate Spider-Man,Brian Bendis,1,"Mr-Thursday,"
Coramonde,Brian Daley,1,"boc1892,"
The Trysmoon Saga,Brian K. Fuller,1,ADFTBA
Saga,Brian K. Vaughan,1,"WeDoNotSow,"
Five Warrior Angels,Brian Lee Durfee,1,"Anderson_Dawes, "
Throne of Bones,Brian McNaughton,1,"Paraframe,"
Schismatrix,Bruce Sterling,1,"Aluhut,"
Wings of War,Bryce O'Connor,1,"anna_k_s,"
Black Wine,Candas Jane Dorsey,1,"polarunderwear, "
Rai-Kirah trilogy,Carol Berg,1,"niko-no-tabi,"
The One Who Eats Monsters,Casey Matthews,1,"ICreepAround,"
The Mortal Instruments,Cassandra Clare,1,"TheCraftyPanda,"
Deathless,Catherynne M Valente,1,CarolinaCM
The Orphan's Tales,Catherynne M Valente,1,Connyumbra
Fairyland,Catherynne M Valente,1,bubblegumgills
Greenmantle,Charles de Lint,1,"Redlilymc,"
Merchant Princes,Charles Stross,1,"CHMonster,"
All the Birds in the Sky,Charlie Jane Anders,1,thisusernameismeta
St. Germain,Chelsea Quinn Yarbro,1,"PaigeLChristie,"
Dark Eden,Chris Beckett,1,"Freeky,"
Fluke,Christopher Moore,1,"StarlightEstel,"
The Inverted World,Christopher Priest,1,"JATION,"
Heavy Time,CJ Cherryh,1,"DonMaitz, "
Foreigner,CJ Cherryh,1,"AngelDeath2,"
Witchmark,CL Polk,1,"TheFourthReplica,"
Vampire Empire series,Clay and Susan Griffith,1,"lrich1024, "
Bellweather,Connie Willis,1,"UncleObli,"
The Road,Cormac McCarthy,1,"jo_ba,"
Inkworld,Cornelia Funke,1,"TinyFlyingLion, "
Expeditionary Force,Craig Alanson,1,"marethyu316,"
Daniel Faust,Craig Schaeffer,1,barb4ry1
Wisdom's Grave Trilogy,Craig Schaeffer,1,"vigasia,"
Til We Have Faces,CS Lewis,1,"labchambers,"
Necroscope,CS Lewis,1,"RWWare,"
Captive Prince,CS Pacat,1,CarolinaCM
The Risen Kingdoms,Curtis Craddock,1,"Skyrider006,                             "
Flowers for Algernon,Daniel Keyes,1,"taichi22, "
The Bridge Kingdom,Danielle L. Jensen,1,"Hyzie, "
A Man of His Word,Dave Duncan,1,"KcirderfSdrawkcab,"
The Great Game,Dave Duncan,1,"KcirderfSdrawkcab,"
The Kings Blades,Dave Duncan,1,"Foyles_War,"
Winds of the Forelands,David B. Coe,1,"AmoronDonkeyballs,"
Will Robie,David Baldacci,1,"zagon2,"
Earth,David Brin,1,"mrsmoo,"
Lt. Leary series,David Drake,1,"seantheaussie,"
Lord of the Isles,David Drake,1,"Raestagg,"
Belisarius,David Drake and Eric Flint,1,"andypeloquin,"
Seafort Saga,David Feintuch,1,"AdamRueth, "
John Shannow,David Gemmell,1,"RWWare,"
Morningstar,David Gemmell,1,"steppenfloyd,"
Hawk Queen,David Gemmell,1,"KristinnK,"
Moontide Quartet,David Hair,1,"deadkeepteaching, "
Cloud Atlas,David Mitchell,1,"AlecHutson,"
In Fury Born,David Weber,1,"ShadyMcShade1,"
Safehold,David Weber,1,"andypeloquin,"
The Gods Are Bastards,DD Webb,1,"Cedocore,"
The Dragon's Legacy,Deborah A. Wolf,1,"mysterycookie333,"
All Souls Trilogy,Deborah Harkness,1,"ef_miller,"
We Are Legion,Dennie E. Taylor,1,"WereTiggy,"
Dark Lord of Derkholm,Diana Wynne Jones,1,"Fearful_Leader,"
The Forbidden Library,Django Wexler,1,SmallishPlatypus
Ship of Smoke and Steel,Django Wexler,1,"Fox9933,"
Forged in Fire,DK Holmberg,1,"cherylgmail,"
Lymond Chronicles,Dorothy Dunnett,1,"peleles,"
Kingshold,DP Woolliscroft,1,HalcyonDaysAreGone
Wolf of the North,Duncan M. Hamilton,1,"Kyrenox,"
The Enchanted Castle,E. Nesbit,1,"briargrey,"
Daniel Black,E. William Brown,1,"Meret123,"
Lensman,E.E. 'Doc' Smith,1,"Istarial,"
Trickster,Eden Robinson,1,"D3athRider, "
The Cycle of Arawn,Edward W. Roberts,1,"xmaster001, "
One Piece,Eiichiro Oda,1,"TheBeardyOnes,"
Elemental series,Elizabeth Hunter,1,"recchai,"
The Vintner's Luck,Elizabeth Knox,1,Megan_Dawn
The Winter Prince,Elizabeth Wein,1,"niko-no-tabi,"
Swords of Riverside,Ellen Kushner,1,aesir23
Poor Mans Flight,Elliott Kay,1,"TheBeardyOnes,"
Medusa Uploaded,Emily Devenport,1,"Zunvect, "
1632,Eric Flint & var. others,1,"Rudyralishaz,"
Wasp,Eric Frank Russell,1,"AwkwardTurtle,"
Le Livre des Etoiles,Erik l'Homme,1,"kaahr,"
Villains by Necessity,Eve Forward,1,"ShadyMcShade1,"
Jane Yellowrock,Faith Hunter,1,"PaigeLChristie,"
Amaranthine Saga,Forthright,1,"recchai,"
Whipping Star,Frank Herbert,1,"CertifiedMentat,"
The Dark Knight Returns,Frank Miller,1,"Mr-Thursday,"
The Twelve Kingdoms,Fuyumi Ono,1,laurenhiya21
Alif the Unseen,G. Willow Wilson,1,"TinyFlyingLion, "
The Bird King,G. Willow Wilson,1,"polarunderwear, "
The Ascendant Kingdoms,Gail Z. Martin,1,"RWWare,"
The Tutorial is Too Hard,Gandara,1,"Salaris, "
The Black Iron Legacy,Gareth Hanrahan,1,"Wheels630,"
Abomination,Gary Whita,1,"xLuthienx,"
The Wizard Knight,Gene Wolfe,1,"GeorgeMacDonald,"
Latro in the Mist,Gene Wolfe,1,"JimRJapan,"
Solar Cycle,Gene Wolfe,1,"Digger412,"
Animal Farm,George Orwell,1,"Severian_of_Nessus,"
Windhaven,George R.R. Martin and Lisa Tuttle,1,"nineteendoors,"
The Man Who Was Thursday,GK Chesterton,1,"GeorgeMacDonald,"
The Stormlord Trilogy,Glenda Larke,1,"niko-no-tabi,"
Mama Day,Gloria Naylor,1,"PaigeLChristie,"
Starship's Mage Series,Glynn Stewart,1,Lotronex
Wraith Kings,Grace Draven,1,unplugtheminus80
Faithless,Graham Austin-King,1,"AngryCumbrian,"
The Riven Wyrde Saga,Graham Austin-King,1,"BohemianPeasant,"
Quantum Logic,Greg Bear,1,Freeky
The Way,Greg Bear,1,"threeolives,"
Diaspora,Greg Egan,1,Freeky
Wicked,Gregory Maguire,1,"JohnAnderton,"
River of Stars,Guy Gavriel Kay,1,"Auberron,"
A Brightness Long Ago,Guy Gavriel Kay,1,sleeping-pug
Children of Earth and Sky,Guy Gavriel Kay,1,jbatchen
The Time Machine,H.G. Wells,1,"no_ragrats,"
Nissera Chronicles,Hannah West,1,"mysterycookie333,"
Seven Summer Nights,Harper Fox,1,improperly_paranoid
How Few Remain,Harry Turtledove,1,"GeorgeMacDonald,"
The Case of the Toxic Spell Dump,Harry Turtledove,1,"chuckusmaximus, "
The Two Georges,Harry Turtledove,1,"chuckusmaximus,"
The Wind-Up Bird Chronicle,Haruki Murakami,1,"pondandbucket,"
1Q84,Haruki Murakami,1,"WeDoNotSow,"
Death March to the Parallel World Rhapsody,Hiro Ainana,1,laurenhiya21
The Folk of the Air,Holly Black,1,CarolinaCM
Curse Workers,Holly Black,1,"tealparadise,"
Illiad & Oddysey,Homer,1,"Eladir,"
Silo Series,Hugh Howey,1,"Titan_Arum,"
Desolate Era,I Eat Tomatoes,1,"Genabackan,"
View From The Mirror,Ian Irvine,1,shadownight316
Three Worlds,Ian Irvine,1,"MedusasRockGarden,"
The Alchemy Wars,Ian Tregillis,1,Larimo
Clean Sweep Series,Ilona Andrews,1,katiedid1991
The Devourers,Indra Das,1,"polarunderwear, "
Robots,Isaac Asimov,1,"mariecroke,"
The Last Question,Isaac Asimov,1,"taichi22, "
Obernewtyn Chronicles,Isobelle Carmody,1,"MedusasRockGarden,"
Palace of Dreams,J Kathleen Cheney,1,"lrich1024,"
Book of Words,J.V. Jones,1,Larimo
Sword of Shadows,J.V. Jones,1,"thebloodynine85,"
The Demon Princes,Jack Vance,1,"Ihrenglass,"
Camulod Chronicles,Jack Whyte,1,"Raestagg,"
Dying Lands Chronicle,Jacob Cooper,1,"marethyu316,"
Inherit the Stars,James P. Hogan,1,"mariecroke,"
Night Huntress,Jeaniene Frost,1,"GarbagePailKid90,"
City of Saints and Madmen,Jeff Vandermeer,1,"ammorris22, "
Borne,Jeff Vandermeer,1,"JayKayxU,"
Harbinger Series,Jeff Wheeler,1,"Karaeth,"
Tide Lords,Jennifer Fallon,1,"Akill0816,"
Awaken the Stars,Jer Keene,1,"StrawbIchigo,"
Nevermoor,Jessica Townsend,1,"laku_,"
Cinder Spires,Jim Butcher,1,"illkraz,"
The Hammer,JK Parker,1,"sesto_uncias,"
Peter Pan,JM Barrie,1,"gunttert,"
Children of the Black Sun,Jo Spurrier,1,"antigrapist,"
My Real Children,Jo Walton,1,pokiria
Thessaly,Jo Walton,1,"CHMonster,"
Let the Right One In,John Ajvide Lindqvist,1,"spinachdumpling,"
Dragon Lords,John Banks,1,"mygoldenfeces,"
Demon Accords,John Conroe,1,"seantheaussie,"
Incorruptibles,John Horner Jacobs,1,"JimRJapan,"
The Fisherman,John Langan,1,"SirBowTheNotSoGiant,"
Redshirts,John Scalzi,1,"chuckusmaximus,"
Lock In,John Scalzi,1,"midobal,"
The Interdependency,John Scalzi,1,"midobal,"
Empire of Storms,Jon Skovron,1,"FleeetKeptRunning,"
The Lot Lands,Jonathan French,1,"Titan_Arum,"
"A Barrel of Laughs, A Vale of Tears",Jules Feiffer,1,"SmallFruitBat,"
Animorphs,K.A. Applegate,1,"DimwitAlmighty,"
Annals of the Bitch Queen,K.S. Villoso,1,KNicol
The Agartes Epilogues,K.S. Villoso,1,"WanderingWayfarer, "
Everworld,KA Applegate,1,luwendrill
Alex Craft,Kalayna Price,1,"GarbagePailKid90,"
Worldbreaker Saga,Kameron Hurley,1,"AngelDeath2,"
Light Brigade,Kameron Hurley,1,"lunchliege,"
Ventus,Karl Schroeder,1,"derivative_of_life, "
Life After Life,Kate Atkinson,1,"Idunn12380,"
Crown of Stars,Kate Elliott,1,"Ihrenglass,"
The Witches of Eileanan,Kate Forsyth,1,"GarbagePailKid90,"
Matthew Swift,Kate Griffin,1,"OldschoolIsh, "
The Psychology of Time Travel,Kate Mascarenhas,1,pokiria
Daggerspell,Katherine Kerr,1,"Pufforrohk, "
Buried Giant,Kazuo Ishiguro,1,"UnstitchedStitch,"
A Girl and Her Fed,KB Spangler,1,"TheBeardyOnes,"
Indranan War Trilogy,KB Wagers,1,sleeping-pug
The Tainted Accords,Kelly St. Clare,1,katiedid1991
The Conqueror's Saga,Kiersten White,1,"laku_,"
Fudoki,Kij Johnson,1,"MsAngelAdorer,"
The Years of Rice and Salt,Kim Stanley Robinson,1,"JohnAnderton,"
The Posterchildren,Kitty Burroughs,1,"StrawbIchigo,"
Folding Knife,KJ Parker,1,"RubiscoTheGeek,"
The Engineer Trilogy,KJ Parker,1,"pondandbucket,"
The Dark Abyss of Our Sins,Krista D. Ball,1,"StarlightEstel,"
Firebrand,Kristen Britain,1,"cherylgmail,"
Breakfast of Champions,Kurt Vonnegut,1,"AdamRueth, "
Halcyone Space,L.J. Cohen,1,"RyanToxopeus,"
Daughter of Smoke and Bone,Laini Taylor,1,"mysterymachine08,"
Amberlough,Lara Elena Donnelly,1,"The_Perfect_Nemesis,"
Saga of the Forgotten Warrior,Larry Correia,1,"zagon2,"
A Man Without Magic,Lawrence Watt-Evans,1,"sesto_uncias,"
The Long Tomorrow,Leigh Brackett,1,"TheFourthReplica,"
The Shadow,Lila Bowen,1,"wishforagiraffe, "
Emperor's Edge,Lindsay Buroker,1,"Phyrkrakr,"
The Wide Green World,Lois McMaster Bujold,1,"AdamRueth, "
Paladin of Souls,Lois McMaster Bujold,1,"Ihrenglass,"
The Gods of Pegna,Lord Dunsany,1,rattatally
Ascend Online,Luke Chimilenko,1,"Salaris,"
Ascend Online,Luke Chmilenko,1,"jjackson2,"
"UncleObli, astarinel, Larimo, Pufforrohk, Magoo451, UnstitchedStitch, Son_of_Winterfell, Esbilon, Genabackan, kjmichaels, valgranaire, TheFourthReplica, roninsb, improperlyparanoid, Marswolf01, ",Luke Scull,1,UbalaPung78
Nightrunner,Lynn Flewelling,1,"potatoespuds,"
The Tamir Triad,Lynn Flewelling,1,Lightylantern
The Indian in the Cupboard,Lynne Reid Banks,1,"DimwitAlmighty,"
Sol's Harvest,M.D. Presley,1,"vigasia,"
The Girl With All The Gifts,M.R. Carey,1,"PvogonJ,"
Feed,M.T. Anderson,1,"I-created-Jiah,"
A Wrinkle in Time,Madeleine LEngle,1,gunttert
Scorpio Races,Maggie Steifvater,1,illyriaya
The Centenal Cycle,Malka Older,1,"TheFourthReplica,"
The Handmaid's Tale,Margaret Atwood,1,"uhohmomspaghetti,"
Oryx and Crake,Margaret Atwood,1,"JohnAnderton,"
Deathgate Cycle,Margaret Weis and Tracy Hickman,1,"RyanToxopeus,"
The Mere Wife,Maria Dahvana Headley,1,sailorfish27
Study,Maria V. Snyder,1,"TheCraftyPanda,"
Soulfinders series,Maria V. Snyder,1,katiedid1991
Wearing the Cape,Marion G. Harmon,1,"TheBeardyOnes,"
Mists of Avalon,Marion Zimmer Bradley,1,"gunttert,"
One Word Kill,Mark Lawrence,1,"Redagain_xinc,"
Echoes of Empire,Mark T. Barnes,1,"JamesLatimer,"
House of Leaves,Mark Z. Danielewski,1,"WeDoNotSow,"
Frontlines,Markoo Kloos,1,"Kyrenox,"
The Book Thief,Markus Zusak,1,"nineteendoors,"
The Dark Star Trilogy,Marlon James,1,"amongstravens, "
Ile-Rien,Martha Wells,1,"Alissa-,"
Overlord,Maruyama,1,"taichi22, "
Ash: A Secret History,Mary Gentle,1,"CHMonster,"
Glamourist Histories,Mary Robinette Kowal,1,"SmallFruitBat,"
The Crystal Cave,Mary Stewart,1,"briargrey,"
Naruto,Masashi Kishimoto,1,"acexacid,"
Engelsfors,Mats Strandberg and Sara Bergmark Elfgren,1,"ullsi,"
Hunters and Collectors,Matt Suddain,1,barb4ry1
The Revenge of the Sith,Matthew Stover,1,"MusubiKazesaru,"
The Golden Key,"Melanie Rawn, Jennifer Roberson, and Kate Elliott",1,"Zunvect,"
Pattern of Shadow and Light,Melissa McPhail,1,"marethyu316,"
Obsidian Mountain,Mercedes Lackey,1,"DivisionMatrix, "
Diana Tregarde,Mercedes Lackey,1,"PaigeLChristie,"
"I, Jedi",Michael A. Stackpole,1,"sesto_uncias,"
Rogue Squadron,Michael A. Stackpole,1,"HellaSober,"
Jurassic Park,Michael Crichton,1,"I-created-Jiah,"
The Neverending Story,Michael Ende,1,"Barristan_the_Old,"
Eifelheim,Michael Flynn,1,"Keriew,"
The Wreck of the River of Stars,Michael Flynn,1,"Keriew,"
Mageborn,Michael G. Manning,1,"lordfarkle, "
"Gloriana, or the Unfulfilled Queen",Michael Moorcock,1,dwmmerrick
Corum,Michael Moorcock,1,"RevolutionaryCommand,"
The Book of Strange New Things,Michel Faber,1,"jddennis, "
Chronicles of Ancient Darkness,Michelle Paver,1,"TheStig136,"
Iconoclasts,Mike Shel,1,"ObiShaunKenobi,"
Masters and Mages,Miles Cameron,1,"Kyrenox,"
Newsflesh,Mira Grant,1,"xLuthienx,"
Revenant Winds,Mitchell Hogan,1,"cherylgmail,"
Shadow Ops,Myke Cole,1,"LordAncrath,"
Dreamblood Duology,N.K. Jemisin,1,"tarvolon,"
Midnight Robber,Nalo Hopkinson,1,"AngelDeath2,"
The Watchmaker of Filigree Street,Natasha Pulley,1,"RubiscoTheGeek,"
The Golden Age of the Solar Clipper,Nathan Lowell,1,"skavinger5882,"
The Polity,Neal Asher,1,Freeky
Arc of a Scythe,Neal Shusterman,1,"mistymountainz,"
Seveneves,Neal Stephenson,1,"RamboTarzann,"
Cryptonomicon,Neal Stephenson,1,"confusionsteephands,"
Coraline,Neil Gaiman,1,"midobal,"
Temper,Nicky Drayden,1,jddennis
Slow River,Nicola Griffith,1,Connyumbra
Archivist Wasp,Nicole Kornher-Stace,1,"happypolychaetes,"
Monogatari,Nisioisin,1,laurenhiya21
The Phantom Tollbooth,Norton Juster,1,"MsAngelAdorer, "
Wild Seed,Octavia Butler,1,"Magoo451,"
Xenogenesis,Octavia Butler,1,"PaigeLChristie,"
Parable of the Sower,Octavia Butler,1,Lotronex
"Kumo Desu Ga, Nani Ka?",Okina Baba,1,"inspyrous,"
Star Maker,Olaf Stapledon,1,rattatally
Pastwatch: The Redemption of Christopher Columbus,Orson Scott Card,1,"GeorgeMacDonald,"
Seventh Son,Orson Scott Card,1,"TangledPellicles,"
Kencyrath,P.C. Hodgell,1,"Foyles_War, "
The Windup Girl,Paolo Bacigalupi,1,"TheFourthReplica,"
Od Magic,Patricia A. McKillip,1,"lunchliege,"
A Monster Calls,Patrick Ness,1,MsAngelAdorer
The Macht,Paul Kearney,1,"Redbirdfromtheeast,"
The Edge Chronicles,Paul Stewart,1,Grayriser
News of the World,Paulette Jiles,1,"BadgerMasher,"
Threshhold,Peter Clines,1,"BeardedMoon,"
Night's Dawn,Peter F. Hamilton,1,onrack
A Fine and Private Place,Peter S. Beagle,1,"Ihrenglass,"
Chronicles of the Black Gate,Phil Tucker,1,"Titan_Arum,"
Deathworlders,Philip R. Johnson,1,"skavinger5882,"
La Quete d'Ewilan,Pierre Bottero,1,"kaahr,"
Incarnations of Immortality,Piers Anthony,1,"TheR2P2,"
The Aspect Emperor,R. Scott Bakker,1,"Mattyes,"
Fourth Mansions,R.A. Lafferty,1,"tarvolon,"
The DemonWars Saga,R.A. Salvatore,1,"JATION,"
The Coven,R.A. Salvatore,1,"cherylgmail,"
Paradox,Rachel Bach,1,"Foyles_War,"
Girl of Fire and Thorns Series,Rae Carson,1,katiedid1991
Something Wicked This Way Comes,Ray Bradbury,1,"TangledPellicles,"
The Illustrated Man,Ray Bradbury,1,"TheFourthReplica,"
Quest of the Five Clans,Raymond St Elmo,1,lost_chayote
Legend of Huma,Richard Knaak,1,"RyanToxopeus,"
I am Legend,Richard Matheson,1,"jo_ba,"
Never Die,Rob J Hayes,1,"CMDR_Concubine, "
Illuminatus,Robert Anton Wilson,1,"Aluhut,"
MythAdventures,Robert Asprin,1,"RyanToxopeus,"
Spin Saga,Robert Charles Wilson,1,"JATION,"
Solomon Kane,Robert E. Howard,1,"DonMaitz, "
The Moon is a Harsh Mistress,Robert Heinlein,1,Saurosian
Mythago Wood,Robert Holdstock,1,"1626316263,"
Dragon's Egg,Robert L. Forward,1,"InspecteurCrouton,"
Treasure Island,Robert Louis Stephenson,1,"chelsea_hotel7316, "
The Fire Sacraments,Robert V.S. Redick,1,"Dig4Fire,"
The Soldier Son Trilogy,Robin Hobb,1,"labchambers, "
Damar,Robin McKinley,1,"PaigeLChristie,"
A Tale for the Time Being,Ruth Ozeki,1,keshanu
Grand Central Arena,Ryk Spoor,1,"Zunvect, "
A Kingdom of Exiles - Outcast Fantasy,S.B. Nova,1,"katiedid1991,"
An Ember in the Ashes,Sabaa Tahir,1,"zagon2,"
Throne of the Crescent Moon,Saladin Ahmed,1,"wanemarr, "
The Poison Wars Series,Sam Hawke,1,"SharadeReads,                             "
Empire Star,Samuel R. Delaney,1,"TheFourthReplica,"
Queens of Renthia,Sarah Beth Durst,1,"mariecroke,"
Throne of Glass,Sarah J. Maas,1,"MistressBedlam,"
Magic 2.0,Scott Meyer,1,"threeolives,"
InCryptid,Seanan McGuire,1,"GarbagePailKid90,"
Watch,Sergei Lukyanenko,1,"navilo, "
Rebel Mechanics,Shanna Swendon,1,"feralanima,"
Princess Academy ,Shannon Hale,1,"MsAngelAdorer,"
Liaden,Sharon Lee and Steve Miller,1,"Foyles_War,"
The Pride Series,Shelley Laurenston,1,"Hawk1138,"
Omniscient Reader's Viewpoint,Sing-Shong,1,"Salaris,"
Whateley Academy,Source Wikipedia (??),1,"ShadyMcShade1,"
Mongrels,Stephen Graham Jones,1,"MsAngelAdorer,"
Desperation,Stephen King,1,"DonMaitz, "
11/22/63,Stephen King,1,"js52000,"
Misery,Stephen King,1,"I-created-Jiah,"
Doctor Sleep,Stephen King,1,"I-created-Jiah,"
The Long Walk,Stephen King,1,"haaplo,"
The Running Man,Stephen King,1,"chuckusmaximus,"
Matador,Steve Perry,1,"RWWare,"
Dragaeran World,Steven Brust,1,"AngelDeath2,"
The Invisible Valley,Su Wei,1,"polarunderwear, "
Swordheart,T Kingfisher,1,"seantheaussie,"
Clocktaur War,T. Kingfisher,1,"Szarka22,"
Otherland,Tad Williams,1,"goofy_mcgee,"
The Wormwood Trilogy,Tade Thompson,1,"Swarlos262,"
Ghosts in the Snow,Tamara Siler Jones,1,"mariecroke,"
Tricksters,Tamora Pierce,1,"potatoespuds,"
The Immortals,Tamora Pierce,1,"potatoespuds,"
Trickster's Choice,Tamora Pierce,1,"AwkwardTurtle,"
The Silvered,Tanya Huff,1,recchai
Confederation,Tanya Huff,1,"Foyles_War,"
The Enchantment Emporium,Tanya Huff,1,"briargrey,"
The Summoner Series,Taran Matharu,1,"TheR2P2,"
Stories of Your Life and Others,Ted Chiang,1,"Magoo451,"
The Story of Your Life and Others,Ted Chiang,1,"TheFourthReplica,"
Spellmonger,Terry Mancour,1,"mysterycookie333,"
Nation,Terry Pratchett,1,"BattleBreeches,"
Extraordinary Adventures of the Athena Club,Theodora Goss,1,"JimmyJames42,"
"Green Grass, Running Water",Thomas King,1,keshanu
On Stranger Tides,Tim Powers,1,"DonMaitz, "
The Anubis Gates,Tim Powers,1,"Abelincononabear,"
Declare,Tim Powers,1,"Talas_Engineer,"
Last Call,Tim Powers,1,"Gaylord_the_Edgelord,"
Manta's Gift,Timothy Zahn,1,jddennis
The Philosopher's Flight,Tom Miller,1,The_Real_Js
Children of Blood and Bone,Tomi Adeyemi,1,"CapNitro,"
Letter to the King,Tonke Dragt,1,"LoniBana,"
"Balam, Spring",Travis M. Riddle,1,laurenhiya21
Always Coming Home,Ursula K Le Guin,1,Arion_rufus
Lavinia,Ursula K Le Guin,1,pokiria
Annals of the Western Shore,Ursula K Le Guin,1,"TinyFlyingLion, "
The Changeling,Victor LaValle,1,JimmyJames42
Dr. Greta Helsing,Vivian Shaw,1,"lrich1024, "
Dreamsnake,Vonda N. McIntyre,1,jddennis
The 13 1/2 Lives of Captain Bluebear,Walter Moers,1,"Eldrene_Ay_Ellan, "
Rumo & His Miraculous Adventures,Walter Moers,1,"Ihrenglass,"
Elfhome series,Wen Spencer,1,Lotronex
Elder Empire,Will Wight,1,"xmaster001, "
Naked Lunch,William S. Burroughs,1,"Aluhut,"
We,Yevgeny Zamyatin,1,"Magoo451,"
Dungeon Defense,Yoo Heon Hwa,1,"taichi22, "
Forge of Destiny,Yrsillar,1,"Salaris,"
The War for the Oaks,Emma Bull,1,lyrrael
The Wood Wife,Terri Windling,1,lyrrael
Earthseed,Octavia Butler,1,lyrrael
Grass,Sheri Tepper,1,lyrrael
The Ship Series,Anne McCaffrey,1,lyrrael
Illusion,Paula Volsky,1,lyrrael